Date,Price,Change %
12/6/22,3945,-1.46%
12/5/22,4003.25,-1.77%
12/2/22,4075.5,-0.15%
12/1/22,4081.75,0.01%
11/30/22,4081.25,3.01%
11/29/22,3962,-0.21%
11/28/22,3970.25,-1.54%
11/25/22,4032.5,-0.01%
11/23/22,4033,0.57%
11/22/22,4010.25,1.32%
11/21/22,3958,-0.40%
11/18/22,3974,0.47%
11/17/22,3955.25,-0.33%
11/16/22,3968.5,-0.78%
11/15/22,3999.5,0.84%
11/14/22,3966,-0.86%
11/11/22,4000.25,0.99%
11/10/22,3961,5.47%
11/9/22,3755.5,-2.08%
11/8/22,3835.25,0.52%
11/7/22,3815.25,0.95%
11/4/22,3779.5,1.39%
11/3/22,3727.75,-1.09%
11/2/22,3768.75,-2.52%
11/1/22,3866,-0.44%
10/31/22,3883,-0.72%
10/28/22,3911.25,2.40%
10/27/22,3819.5,-0.56%
10/26/22,3841,-0.76%
10/25/22,3870.25,1.60%
10/24/22,3809.25,1.20%
10/21/22,3764,2.41%
10/20/22,3675.25,-0.86%
10/19/22,3707.25,-0.68%
10/18/22,3732.75,1.18%
10/17/22,3689.25,2.55%
10/14/22,3597.5,-2.29%
10/13/22,3681.75,2.60%
10/12/22,3588.5,-0.30%
10/11/22,3599.25,-0.72%
10/10/22,3625.25,-0.77%
10/7/22,3653.25,-2.76%
10/6/22,3756.75,-0.98%
10/5/22,3794,-0.24%
10/4/22,3803.25,3.06%
10/3/22,3690.25,2.46%
9/30/22,3601.5,-1.44%
9/29/22,3654.25,-2.08%
9/28/22,3732,1.94%
9/27/22,3661,-0.25%
9/26/22,3670,-1.05%
9/23/22,3709,-1.67%
9/22/22,3772,-0.90%
9/21/22,3806.25,-1.72%
9/20/22,3872.75,-1.14%
9/19/22,3917.25,0.70%
9/16/22,3890,-0.75%
9/15/22,3919.25,-1.17%
9/14/22,3965.5,0.87%
9/13/22,3931.25,-4.37%
9/12/22,4110.75,1.07%
9/9/22,4067.25,1.54%
9/8/22,4005.5,0.64%
9/7/22,3980,1.78%
9/6/22,3910.5,-0.36%
9/2/22,3924.5,-1.11%
9/1/22,3968.75,0.31%
8/31/22,3956.5,-0.78%
8/30/22,3987.5,-1.09%
8/29/22,4031.25,-0.70%
8/26/22,4059.5,-3.37%
8/25/22,4201,1.41%
8/24/22,4142.75,0.30%
8/23/22,4130.5,-0.26%
8/22/22,4141.25,-2.13%
8/19/22,4231.5,-1.28%
8/18/22,4286.5,0.23%
8/17/22,4276.75,-0.72%
8/16/22,4307.75,0.22%
8/15/22,4298.25,0.40%
8/12/22,4281,1.69%
8/11/22,4209.75,-0.01%
8/10/22,4210,2.07%
8/9/22,4124.5,-0.42%
8/8/22,4141.75,-0.12%
8/5/22,4146.75,-0.13%
8/4/22,4152.25,-0.10%
8/3/22,4156.25,1.53%
8/2/22,4093.75,-0.65%
8/1/22,4120.5,-0.31%
7/29/22,4133.5,1.47%
7/28/22,4073.5,1.22%
7/27/22,4024.5,2.58%
7/26/22,3923.25,-1.18%
7/25/22,3970,0.13%
7/22/22,3965,-0.91%
7/21/22,4001.25,0.98%
7/20/22,3962.5,0.63%
7/19/22,3937.5,2.71%
7/18/22,3833.75,-0.81%
7/15/22,3865,1.89%
7/14/22,3793.25,-0.30%
7/13/22,3804.5,-0.50%
7/12/22,3823.75,-0.86%
7/11/22,3856.75,-1.14%
7/8/22,3901.25,-0.10%
7/7/22,3905,1.47%
7/6/22,3848.25,0.37%
7/5/22,3834,0.18%
7/1/22,3827.25,1.00%
6/30/22,3789.5,-0.83%
6/29/22,3821.25,-0.11%
6/28/22,3825.5,-2.00%
6/27/22,3903.75,-0.32%
6/24/22,3916.25,3.07%
6/23/22,3799.75,0.98%
6/22/22,3762.75,-0.13%
6/21/22,3767.75,2.50%
6/17/22,3675.75,0.12%
6/16/22,3671.25,-3.22%
6/15/22,3793.5,1.52%
6/14/22,3736.75,-0.37%
6/13/22,3750.5,-3.81%
6/10/22,3899,-2.92%
6/9/22,4016.25,-2.38%
6/8/22,4114,-1.08%
6/7/22,4158.75,0.93%
6/6/22,4120.5,0.33%
6/3/22,4107,-1.63%
6/2/22,4175.25,1.86%
6/1/22,4099,-0.78%
5/31/22,4131.25,-0.59%
5/27/22,4155.75,2.47%
5/26/22,4055.75,1.99%
5/25/22,3976.75,0.92%
5/24/22,3940.5,-0.79%
5/23/22,3971.75,1.85%
5/20/22,3899.5,0.04%
5/19/22,3897.75,-0.64%
5/18/22,3922.75,-3.97%
5/17/22,4084.75,2.00%
5/16/22,4004.75,-0.37%
5/13/22,4019.75,2.36%
5/12/22,3927.25,-0.08%
5/11/22,3930.25,-1.66%
5/10/22,3996.75,0.23%
5/9/22,3987.5,-3.20%
5/6/22,4119.5,-0.57%
5/5/22,4143.25,-3.54%
5/4/22,4295.25,3.02%
5/3/22,4169.25,0.44%
5/2/22,4151,0.57%
4/29/22,4127.5,-3.64%
4/28/22,4283.5,2.47%
4/27/22,4180.25,0.23%
4/26/22,4170.5,-2.85%
4/25/22,4292.75,0.60%
4/22/22,4267.25,-2.81%
4/21/22,4390.5,-1.46%
4/20/22,4455.5,-0.08%
4/19/22,4459.25,1.65%
4/18/22,4386.75,-0.02%
4/14/22,4387.5,-1.23%
4/13/22,4442.25,1.12%
4/12/22,4393,-0.36%
4/11/22,4409,-1.66%
4/8/22,4483.5,-0.28%
4/7/22,4496.25,0.46%
4/6/22,4475.75,-0.98%
4/5/22,4520.25,-1.26%
4/4/22,4577.75,0.85%
4/1/22,4539.25,0.19%
3/31/22,4530.75,-1.42%
3/30/22,4596,-0.64%
3/29/22,4625.5,1.26%
3/28/22,4568,0.69%
3/25/22,4536.5,0.53%
3/24/22,4512.5,1.46%
3/23/22,4447.5,-1.28%
3/22/22,4505,1.18%
3/21/22,4452.25,-0.03%
3/18/22,4453.5,1.17%
3/17/22,4402,1.21%
3/16/22,4349.5,2.05%
3/15/22,4262,2.16%
3/14/22,4172,-0.70%
3/11/22,4201.5,-1.31%
3/10/22,4257.25,-0.42%
3/9/22,4275.25,2.55%
3/8/22,4168.75,-0.71%
3/7/22,4198.5,-2.98%
3/4/22,4327.25,-0.73%
3/3/22,4359.25,-0.51%
3/2/22,4381.75,1.81%
3/1/22,4303.75,-1.47%
2/28/22,4368,-0.27%
2/25/22,4380,2.24%
2/24/22,4284,1.47%
2/23/22,4222,-1.81%
2/22/22,4300,-1.00%
2/18/22,4343.5,-0.71%
2/17/22,4374.5,-2.14%
2/16/22,4470,0.12%
2/15/22,4464.5,1.60%
2/14/22,4394,-0.35%
2/11/22,4409.5,-1.96%
2/10/22,4497.5,-1.75%
2/9/22,4577.75,1.45%
2/8/22,4512.5,0.82%
2/7/22,4475.75,-0.37%
2/4/22,4492.5,0.53%
2/3/22,4469,-2.36%
2/2/22,4577.25,0.93%
2/1/22,4535,0.68%
1/31/22,4504.25,1.83%
1/28/22,4423.25,2.44%
1/27/22,4317.75,-0.55%
1/26/22,4341.5,-0.17%
1/25/22,4349,-1.24%
1/24/22,4403.75,0.31%
1/21/22,4390,-1.89%
1/20/22,4474.75,-1.09%
1/19/22,4524.25,-1.03%
1/18/22,4571.25,-1.79%
1/14/22,4654.75,0.06%
1/13/22,4652,-1.36%
1/12/22,4716.25,0.24%
1/11/22,4705,0.92%
1/10/22,4662.25,-0.12%
1/7/22,4667.75,-0.42%
1/6/22,4687.5,-0.11%
1/5/22,4692.5,-1.92%
1/4/22,4784.25,-0.04%
1/3/22,4786,0.58%
12/31/21,4758.5,-0.29%
12/30/21,4772.25,-0.26%
12/29/21,4784.5,0.13%
12/28/21,4778.5,-0.08%
12/27/21,4782.25,1.41%
12/23/21,4715.75,0.63%
12/22/21,4686,0.98%
12/21/21,4640.75,1.80%
12/20/21,4558.5,-1.12%
12/17/21,4610,-1.06%
12/16/21,4659.25,-0.88%
12/15/21,4700.5,1.37%
12/14/21,4637,-0.68%
12/13/21,4668.75,-0.90%
12/10/21,4711,0.94%
12/9/21,4667,-0.68%
12/8/21,4699,0.30%
12/7/21,4685,2.07%
12/6/21,4590,1.16%
12/3/21,4537.5,-0.84%
12/2/21,4575.75,1.49%
12/1/21,4508.5,-1.26%
11/30/21,4566.25,-1.82%
11/29/21,4651,1.20%
11/26/21,4595.75,-2.20%
11/24/21,4699,0.22%
11/23/21,4688.5,0.19%
11/22/21,4679.75,-0.31%
11/19/21,4694.5,-0.15%
11/18/21,4701.5,0.33%
11/17/21,4686.25,-0.21%
11/16/21,4696,0.36%
11/15/21,4679,0.02%
11/12/21,4678.25,0.76%
11/11/21,4643,0.02%
11/10/21,4642,-0.77%
11/9/21,4678.25,-0.34%
11/8/21,4694,0.08%
11/5/21,4690.25,0.36%
11/4/21,4673.25,0.45%
11/3/21,4652.25,0.62%
11/2/21,4623.5,0.39%
11/1/21,4605.75,0.19%
10/29/21,4597,0.21%
10/28/21,4587.5,0.95%
10/27/21,4544.5,-0.45%
10/26/21,4565.25,0.16%
10/25/21,4558,0.47%
10/22/21,4536.5,-0.12%
10/21/21,4541.75,0.30%
10/20/21,4528,0.37%
10/19/21,4511.25,0.75%
10/18/21,4477.5,0.34%
10/15/21,4462.5,0.76%
10/14/21,4429,1.70%
10/13/21,4355,0.33%
10/12/21,4340.75,-0.24%
10/11/21,4351,-0.71%
10/8/21,4382.25,-0.18%
10/7/21,4390,0.83%
10/6/21,4354,0.46%
10/5/21,4334,1.00%
10/4/21,4291.25,-1.21%
10/1/21,4343.75,1.07%
9/30/21,4297.75,-1.20%
9/29/21,4349.75,0.14%
9/28/21,4343.5,-2.02%
9/27/21,4433,-0.29%
9/24/21,4445.75,0.17%
9/23/21,4438,1.23%
9/22/21,4384,0.94%
9/21/21,4343.25,-1.78%
9/20/21,4421.75,0.00%
9/17/21,4421.75,-0.95%
9/16/21,4464.25,-0.17%
9/15/21,4472,0.62%
9/14/21,4444.5,-0.55%
9/13/21,4469,0.24%
9/10/21,4458.25,-0.76%
9/9/21,4492.25,-0.45%
9/8/21,4512.5,-0.15%
9/7/21,4519.25,-0.34%
9/3/21,4534.5,-0.02%
9/2/21,4535.25,0.31%
9/1/21,4521.25,0.02%
8/31/21,4520.5,-0.10%
8/30/21,4525.25,0.44%
8/27/21,4505.5,0.87%
8/26/21,4466.5,-0.59%
8/25/21,4493,0.23%
8/24/21,4482.5,0.16%
8/23/21,4475.5,0.87%
8/20/21,4437,0.81%
8/19/21,4401.5,0.16%
8/18/21,4394.5,-1.10%
8/17/21,4443.5,-0.68%
8/16/21,4474,0.26%
8/13/21,4462.5,0.18%
8/12/21,4454.5,0.32%
8/11/21,4440.5,0.24%
8/10/21,4430,0.10%
8/9/21,4425.75,-0.08%
8/6/21,4429.5,0.18%
8/5/21,4421.5,0.61%
8/4/21,4394.75,-0.46%
8/3/21,4415,0.80%
8/2/21,4379.75,-0.22%
7/30/21,4389.5,-0.50%
7/29/21,4411.75,0.41%
7/28/21,4393.75,-0.02%
7/27/21,4394.5,-0.45%
7/26/21,4414.25,0.26%
7/23/21,4403,1.00%
7/22/21,4359.5,0.21%
7/21/21,4350.5,0.81%
7/20/21,4315.5,1.51%
7/19/21,4251.25,-1.56%
7/16/21,4318.5,-0.77%
7/15/21,4352,-0.36%
7/14/21,4367.75,0.15%
7/13/21,4361.25,-0.35%
7/12/21,4376.5,0.38%
7/9/21,4360,1.09%
7/8/21,4313,-0.84%
7/7/21,4349.75,0.36%
7/6/21,4334,-0.20%
7/2/21,4342.75,0.74%
7/1/21,4310.75,0.52%
6/30/21,4288.5,0.15%
6/29/21,4282,0.04%
6/28/21,4280.5,0.22%
6/25/21,4271.25,0.36%
6/24/21,4256,0.58%
6/23/21,4231.5,-0.11%
6/22/21,4236.25,0.53%
6/21/21,4213.75,1.45%
6/18/21,4153.5,-1.39%
6/17/21,4212.25,-0.02%
6/16/21,4213,-0.79%
6/15/21,4246.5,-0.19%
6/14/21,4254.75,0.21%
6/11/21,4245.75,0.18%
6/10/21,4238,0.46%
6/9/21,4218.5,-0.17%
6/8/21,4225.75,0.01%
6/7/21,4225.5,-0.07%
6/4/21,4228.25,0.88%
6/3/21,4191.3,-0.35%
6/2/21,4206.2,0.18%
6/1/21,4198.6,-0.09%
5/28/21,4202.5,0.08%
5/27/21,4199,0.14%
5/26/21,4193.1,0.18%
5/25/21,4185.5,-0.20%
5/24/21,4193.8,1.01%
5/21/21,4151.75,-0.06%
5/20/21,4154.2,1.04%
5/19/21,4111.5,-0.28%
5/18/21,4123.1,-0.83%
5/17/21,4157.8,-0.27%
5/14/21,4169,1.51%
5/13/21,4107.1,1.19%
5/12/21,4058.7,-2.11%
5/11/21,4146.2,-0.89%
5/10/21,4183.4,-0.99%
5/7/21,4225.25,0.74%
5/6/21,4194.2,0.82%
5/5/21,4159.9,0.04%
5/4/21,4158.3,-0.66%
5/3/21,4185.8,0.27%
4/30/21,4174.5,-0.69%
4/29/21,4203.4,0.65%
4/28/21,4176.3,-0.06%
4/27/21,4178.9,-0.01%
4/26/21,4179.4,0.19%
4/23/21,4171.5,1.06%
4/22/21,4127.7,-0.89%
4/21/21,4164.8,0.93%
4/20/21,4126.6,-0.70%
4/19/21,4155.5,-0.50%
4/16/21,4176.25,0.33%
4/15/21,4162.4,1.08%
4/14/21,4117.9,-0.36%
4/13/21,4132.8,0.30%
4/12/21,4120.3,0.02%
4/9/21,4119.5,0.75%
4/8/21,4089,0.47%
4/7/21,4069.9,0.15%
4/6/21,4064,-0.09%
4/5/21,4067.7,1.44%
4/1/21,4010,1.07%
3/31/21,3967.4,0.50%
3/30/21,3947.7,-0.28%
3/29/21,3958.9,-0.15%
3/26/21,3964.75,1.65%
3/25/21,3900.5,0.51%
3/24/21,3880.8,-0.49%
3/23/21,3899.8,-0.77%
3/22/21,3930,0.78%
3/19/21,3899.75,-0.16%
3/18/21,3906,-1.45%
3/17/21,3963.6,0.03%
3/16/21,3962.4,-0.13%
3/15/21,3967.6,0.64%
3/12/21,3942.25,0.14%
3/11/21,3936.7,1.03%
3/10/21,3896.5,0.60%
3/9/21,3873.3,1.41%
3/8/21,3819.3,-0.51%
3/5/21,3839,1.95%
3/4/21,3765.6,-1.34%
3/3/21,3816.7,-1.32%
3/2/21,3867.6,-0.80%
3/1/21,3898.8,2.35%
2/26/21,3809.25,-0.49%
2/25/21,3828,-2.41%
2/24/21,3922.6,1.15%
2/23/21,3877.9,0.11%
2/22/21,3873.6,-0.75%
2/19/21,3903,-0.17%
2/18/21,3909.5,-0.47%
2/17/21,3928,0.01%
2/16/21,3927.7,-0.08%
2/12/21,3931,0.49%
2/11/21,3911.9,0.23%
2/10/21,3902.9,-0.07%
2/9/21,3905.5,-0.07%
2/8/21,3908.1,0.72%
2/5/21,3880.25,0.40%
2/4/21,3864.6,1.07%
2/3/21,3823.6,0.14%
2/2/21,3818.3,1.40%
2/1/21,3765.7,1.63%
1/29/21,3705.25,-1.96%
1/28/21,3779.3,0.94%
1/27/21,3744.2,-2.56%
1/26/21,3842.6,-0.15%
1/25/21,3848.4,0.37%
1/22/21,3834.25,-0.31%
1/21/21,3846,0.03%
1/20/21,3845,1.44%
1/19/21,3790.6,0.75%
1/15/21,3762.25,-0.76%
1/14/21,3791.2,-0.33%
1/13/21,3803.8,0.25%
1/12/21,3794.5,0.07%
1/11/21,3792,-0.67%
1/8/21,3817.5,0.58%
1/7/21,3795.6,1.47%
1/6/21,3740.6,0.60%
1/5/21,3718.2,0.70%
1/4/21,3692.2,-1.51%
12/31/20,3748.75,0.66%
12/30/20,3724.2,0.12%
12/29/20,3719.9,-0.20%
12/28/20,3727.5,0.88%
12/24/20,3695,0.37%
12/23/20,3681.5,0.11%
12/22/20,3677.3,-0.23%
12/21/20,3685.8,-0.55%
12/18/20,3706.25,-0.18%
12/17/20,3712.8,0.52%
12/16/20,3693.7,-0.02%
12/15/20,3694.5,1.32%
12/14/20,3646.5,-0.40%
12/11/20,3661.25,-0.20%
12/10/20,3668.5,-0.11%
12/9/20,3672.5,-0.80%
12/8/20,3702,0.30%
12/7/20,3690.8,-0.19%
12/4/20,3698,0.91%
12/3/20,3664.6,-0.07%
12/2/20,3667.3,0.19%
12/1/20,3660.5,1.03%
11/30/20,3623.2,-0.37%
11/27/20,3636.5,0.26%
11/25/20,3627.25,-0.15%
11/24/20,3632.7,1.59%
11/23/20,3576,0.61%
11/20/20,3554.2,-0.72%
11/19/20,3580,0.42%
11/18/20,3565,-1.16%
11/17/20,3606.8,-0.45%
11/16/20,3623,1.14%
11/13/20,3582,1.40%
11/12/20,3532.5,-0.99%
11/11/20,3568,0.76%
11/10/20,3541,-0.08%
11/9/20,3544,1.24%
11/6/20,3500.75,-0.11%
11/5/20,3504.75,2.03%
11/4/20,3435,2.19%
11/3/20,3361.5,1.85%
11/2/20,3300.5,1.10%
10/30/20,3264.75,-1.14%
10/29/20,3302.25,1.19%
10/28/20,3263.5,-3.54%
10/27/20,3383.1,-0.31%
10/26/20,3393.5,-1.69%
10/23/20,3451.75,0.07%
10/22/20,3449.25,0.49%
10/21/20,3432.5,0.01%
10/20/20,3432.25,0.28%
10/19/20,3422.75,-1.14%
10/16/20,3462.25,-0.38%
10/15/20,3475.5,-0.16%
10/14/20,3481,-0.68%
10/13/20,3504.75,-0.79%
10/12/20,3532.75,1.71%
10/9/20,3473.25,1.04%
10/8/20,3437.5,0.90%
10/7/20,3406.75,1.60%
10/6/20,3353.25,-1.17%
10/5/20,3393,1.61%
10/2/20,3339.25,-0.85%
10/1/20,3367.75,0.47%
9/30/20,3352,0.55%
9/29/20,3333.75,-0.37%
9/28/20,3346,1.79%
9/25/20,3287.25,1.52%
9/24/20,3238,0.21%
9/23/20,3231.25,-2.06%
9/22/20,3299.25,0.74%
9/21/20,3275,-1.24%
9/18/20,3316.25,-1.04%
9/17/20,3351,-0.84%
9/16/20,3379.5,-0.76%
9/15/20,3405.25,0.67%
9/14/20,3382.5,1.46%
9/11/20,3333.75,-0.20%
9/10/20,3340.5,-1.76%
9/9/20,3400.25,1.94%
9/8/20,3335.5,-2.40%
9/4/20,3417.5,-1.27%
9/3/20,3461.5,-3.29%
9/2/20,3579.25,1.48%
9/1/20,3527,0.80%
8/31/20,3499,-0.15%
8/28/20,3504.4,0.55%
8/27/20,3485.25,0.14%
8/26/20,3480.25,1.08%
8/25/20,3443,0.45%
8/24/20,3427.5,1.03%
8/21/20,3392.6,0.35%
8/20/20,3380.75,0.24%
8/19/20,3372.75,-0.42%
8/18/20,3387,0.21%
8/17/20,3379.75,0.55%
8/14/20,3361.4,-0.19%
8/13/20,3367.75,-0.07%
8/12/20,3370,1.20%
8/11/20,3330,-0.68%
8/10/20,3352.75,0.24%
8/7/20,3344.75,0.01%
8/6/20,3344.25,0.85%
8/5/20,3316,0.48%
8/4/20,3300,0.35%
8/3/20,3288.5,0.77%
7/31/20,3263.5,0.45%
7/30/20,3248.75,-0.12%
7/29/20,3252.5,1.23%
7/28/20,3213,-0.60%
7/27/20,3232.25,0.88%
7/24/20,3204,-0.73%
7/23/20,3227.5,-1.16%
7/22/20,3265.5,0.44%
7/21/20,3251.3,0.19%
7/20/20,3245.25,0.98%
7/17/20,3213.9,0.61%
7/16/20,3194.5,-0.78%
7/15/20,3219.5,1.13%
7/14/20,3183.5,1.12%
7/13/20,3148.25,-0.95%
7/10/20,3178.4,1.19%
7/9/20,3141,-0.71%
7/8/20,3163.5,0.86%
7/7/20,3136.5,-1.12%
7/6/20,3172,1.37%
7/2/20,3129,0.84%
7/1/20,3103,0.41%
6/30/20,3090.25,1.39%
6/29/20,3047.75,1.36%
6/26/20,3007,-2.08%
6/25/20,3070.75,0.71%
6/24/20,3049,-2.23%
6/23/20,3118.5,0.25%
6/22/20,3110.75,1.68%
6/19/20,3059.5,-1.24%
6/18/20,3098,-0.29%
6/17/20,3107,-0.70%
6/16/20,3128.75,1.81%
6/15/20,3073,1.26%
6/12/20,3034.8,0.82%
6/11/20,3010.25,-5.52%
6/10/20,3186,-0.61%
6/9/20,3205.5,-0.68%
6/8/20,3227.5,1.28%
6/5/20,3186.75,2.45%
6/4/20,3110.5,-0.23%
6/3/20,3117.75,1.32%
6/2/20,3077,0.75%
6/1/20,3054,0.39%
5/29/20,3042,0.13%
5/28/20,3038,0.08%
5/27/20,3035.5,1.37%
5/26/20,2994.5,1.41%
5/22/20,2953,0.54%
5/21/20,2937,-1.06%
5/20/20,2968.5,1.70%
5/19/20,2918.75,-0.99%
5/18/20,2948,3.57%
5/15/20,2846.5,-0.02%
5/14/20,2847,1.21%
5/13/20,2813,-1.38%
5/12/20,2852.5,-2.40%
5/11/20,2922.75,-0.19%
5/8/20,2928.4,1.68%
5/7/20,2880,1.64%
5/6/20,2833.5,-0.87%
5/5/20,2858.25,1.17%
5/4/20,2825.25,0.12%
5/1/20,2821.75,-2.78%
4/30/20,2902.5,-1.31%
4/29/20,2941,2.57%
4/28/20,2867.25,-0.06%
4/27/20,2869,1.40%
4/24/20,2829.5,1.75%
4/23/20,2780.75,-0.28%
4/22/20,2788.5,2.07%
4/21/20,2732,-2.65%
4/20/20,2806.5,-2.21%
4/17/20,2870,2.96%
4/16/20,2787.5,0.45%
4/15/20,2775,-2.39%
4/14/20,2843,3.04%
4/13/20,2759.25,-0.74%
4/9/20,2779.75,1.64%
4/8/20,2735,3.52%
4/7/20,2642,-0.09%
4/6/20,2644.5,6.51%
4/3/20,2482.75,-1.34%
4/2/20,2516.5,2.80%
4/1/20,2448,-4.74%
3/31/20,2569.75,-1.59%
3/30/20,2611.25,3.45%
3/27/20,2524.1,-3.22%
3/26/20,2608,5.72%
3/25/20,2467,1.19%
3/24/20,2438,9.80%
3/23/20,2220.5,-2.97%
3/20/20,2288.5,-4.21%
3/19/20,2389,-1.04%
3/18/20,2414,-3.27%
3/17/20,2495.5,3.28%
3/16/20,2416.25,-10.37%
3/13/20,2695.9,9.19%
3/12/20,2469,-9.90%
3/11/20,2740.25,-4.38%
3/10/20,2865.75,4.29%
3/9/20,2747.75,-7.30%
3/6/20,2964,-1.71%
3/5/20,3015.5,-3.19%
3/4/20,3114.75,3.93%
3/3/20,2997,-2.22%
3/2/20,3065,3.86%
2/28/20,2951.1,-0.20%
2/27/20,2957,-4.93%
2/26/20,3110.25,-0.71%
2/25/20,3132.5,-2.91%
2/24/20,3226.25,-3.39%
2/21/20,3339.3,-0.89%
2/20/20,3369.25,-0.53%
2/19/20,3387.25,0.53%
2/18/20,3369.25,-0.34%
2/14/20,3380.9,0.10%
2/13/20,3377.5,-0.09%
2/12/20,3380.5,0.69%
2/11/20,3357.5,0.13%
2/10/20,3353,0.83%
2/7/20,3325.5,-0.59%
2/6/20,3345.25,0.31%
2/5/20,3335,1.08%
2/4/20,3299.5,1.66%
2/3/20,3245.5,0.67%
1/31/20,3224,-2.00%
1/30/20,3289.75,0.53%
1/29/20,3272.5,-0.18%
1/28/20,3278.25,1.20%
1/27/20,3239.5,-1.64%
1/24/20,3293.5,-0.98%
1/23/20,3326,0.19%
1/22/20,3319.75,0.01%
1/21/20,3319.5,-0.16%
1/17/20,3324.9,0.25%
1/16/20,3316.5,0.69%
1/15/20,3293.75,0.17%
1/14/20,3288,-0.05%
1/13/20,3289.75,0.77%
1/10/20,3264.7,-0.34%
1/9/20,3276,0.48%
1/8/20,3260.25,0.77%
1/7/20,3235.25,-0.25%
1/6/20,3243.5,0.25%
1/3/20,3235.4,-0.72%
1/2/20,3259,0.87%
12/31/19,3231,0.23%
12/30/19,3223.5,-0.44%
12/27/19,3237.6,-0.21%
12/26/19,3244.5,0.58%
12/24/19,3225.75,-0.05%
12/23/19,3227.25,0.05%
12/20/19,3225.7,0.43%
12/19/19,3211.75,0.39%
12/18/19,3199.25,0.23%
12/17/19,3192,-0.07%
12/16/19,3194.25,0.70%
12/13/19,3172,0.13%
12/12/19,3168,0.80%
12/11/19,3143,0.22%
12/10/19,3136,0.05%
12/9/19,3134.5,-0.37%
12/6/19,3146.1,0.91%
12/5/19,3117.75,0.22%
12/4/19,3111,0.65%
12/3/19,3091,-0.75%
12/2/19,3114.25,-0.94%
11/29/19,3143.7,-0.32%
11/27/19,3153.75,0.32%
11/26/19,3143.75,0.35%
11/25/19,3132.75,0.68%
11/22/19,3111.6,0.24%
11/21/19,3104,-0.16%
11/20/19,3109,-0.30%
11/19/19,3118.5,-0.10%
11/18/19,3121.75,0.11%
11/15/19,3118.3,0.69%
11/14/19,3097,0.05%
11/13/19,3095.5,0.11%
11/12/19,3092,0.15%
11/11/19,3087.5,-0.10%
11/8/19,3090.6,0.15%
11/7/19,3086,0.34%
11/6/19,3075.5,0.11%
11/5/19,3072,-0.12%
11/4/19,3075.75,0.41%
11/1/19,3063.2,0.90%
10/31/19,3035.75,-0.39%
10/30/19,3047.75,0.40%
10/29/19,3035.75,-0.02%
10/28/19,3036.25,0.53%
10/25/19,3020.3,0.53%
10/24/19,3004.25,-0.05%
10/23/19,3005.75,0.38%
10/22/19,2994.5,-0.40%
10/21/19,3006.5,0.61%
10/18/19,2988.25,-0.33%
10/17/19,2998,0.22%
10/16/19,2991.5,-0.21%
10/15/19,2997.75,1.09%
10/14/19,2965.5,-0.18%
10/11/19,2970.8,1.01%
10/10/19,2941,0.75%
10/9/19,2919,0.92%
10/8/19,2892.5,-1.53%
10/7/19,2937.5,-0.46%
10/4/19,2951,1.35%
10/3/19,2911.75,1.08%
10/2/19,2880.5,-1.95%
10/1/19,2937.75,-1.37%
9/30/19,2978.5,0.50%
9/27/19,2963.8,-0.56%
9/26/19,2980.5,-0.19%
9/25/19,2986.25,0.54%
9/24/19,2970.25,-0.89%
9/23/19,2997,0.25%
9/20/19,2989.5,-0.62%
9/19/19,3008,-0.02%
9/18/19,3008.5,0.10%
9/17/19,3005.5,0.22%
9/16/19,2999,-0.25%
9/13/19,3006.4,-0.18%
9/12/19,3011.75,0.32%
9/11/19,3002,0.79%
9/10/19,2978.5,0.01%
9/9/19,2978.25,-0.09%
9/6/19,2980.8,0.30%
9/5/19,2972,1.14%
9/4/19,2938.5,1.12%
9/3/19,2906,-0.64%
8/30/19,2924.75,-0.07%
8/29/19,2926.75,1.28%
8/28/19,2889.8,0.85%
8/27/19,2865.4,-0.62%
8/26/19,2883.3,0.97%
8/23/19,2855.5,-2.28%
8/22/19,2922.25,-0.24%
8/21/19,2929.2,1.07%
8/20/19,2898.2,-0.87%
8/19/19,2923.7,1.11%
8/16/19,2891.5,1.51%
8/15/19,2848.6,0.28%
8/14/19,2840.75,-3.11%
8/13/19,2932,1.80%
8/12/19,2880.25,-1.35%
8/9/19,2919.75,-0.69%
8/8/19,2940.1,2.07%
8/7/19,2880.6,0.16%
8/6/19,2876,1.62%
8/5/19,2830.1,-3.49%
8/2/19,2932.5,-0.66%
8/1/19,2951.9,-1.02%
7/31/19,2982.3,-1.00%
7/30/19,3012.3,-0.31%
7/29/19,3021.8,-0.09%
7/26/19,3024.5,0.60%
7/25/19,3006.5,-0.50%
7/24/19,3021.6,0.45%
7/23/19,3008,0.64%
7/22/19,2989,0.40%
7/19/19,2977,-0.69%
7/18/19,2997.6,0.42%
7/17/19,2985,-0.73%
7/16/19,3007,-0.34%
7/15/19,3017.3,0.06%
7/12/19,3015.5,0.39%
7/11/19,3003.9,0.22%
7/10/19,2997.4,0.51%
7/9/19,2982.1,0.12%
7/8/19,2978.6,-0.40%
7/5/19,2990.5,-0.32%
7/3/19,3000.25,0.69%
7/2/19,2979.6,0.40%
7/1/19,2967.7,0.80%
6/28/19,2944.25,0.46%
6/27/19,2930.9,0.45%
6/26/19,2917.9,-0.14%
6/25/19,2922.1,-1.01%
6/24/19,2952,0.05%
6/21/19,2950.5,-0.32%
6/20/19,2960,0.91%
6/19/19,2933.4,0.40%
6/18/19,2921.7,1.03%
6/17/19,2891.9,0.05%
6/14/19,2890.5,-0.13%
6/13/19,2894.4,0.47%
6/12/19,2881,-0.20%
6/11/19,2886.9,-0.08%
6/10/19,2889.2,0.49%
6/7/19,2875,1.03%
6/6/19,2845.7,0.64%
6/5/19,2827.7,0.81%
6/4/19,2804.9,2.01%
6/3/19,2749.6,-0.11%
5/31/19,2752.5,-1.36%
5/30/19,2790.4,0.37%
5/29/19,2780.1,-0.89%
5/28/19,2805.1,-0.94%
5/24/19,2831.75,0.44%
5/23/19,2819.4,-1.33%
5/22/19,2857.4,-0.30%
5/21/19,2866.1,0.78%
5/20/19,2843.9,-0.63%
5/17/19,2862,-0.58%
5/16/19,2878.6,0.83%
5/15/19,2855,0.56%
5/14/19,2839.2,1.14%
5/13/19,2807.1,-2.77%
5/10/19,2887,0.50%
5/9/19,2872.7,-0.50%
5/8/19,2887.2,-0.12%
5/7/19,2890.8,-1.42%
5/6/19,2932.4,-0.51%
5/3/19,2947.5,1.02%
5/2/19,2917.6,-0.19%
5/1/19,2923.1,-0.86%
4/30/19,2948.5,0.19%
4/29/19,2942.9,0.05%
4/26/19,2941.5,0.52%
4/25/19,2926.3,-0.15%
4/24/19,2930.8,-0.25%
4/23/19,2938.1,0.88%
4/22/19,2912.6,0.09%
4/18/19,2910,0.33%
4/17/19,2900.5,-0.37%
4/16/19,2911.4,0.07%
4/15/19,2909.5,-0.10%
4/12/19,2912.5,0.72%
4/11/19,2891.8,-0.09%
4/10/19,2894.5,0.41%
4/9/19,2882.6,-0.54%
4/8/19,2898.25,0.08%
4/5/19,2896,0.46%
4/4/19,2882.7,0.10%
4/3/19,2879.8,0.44%
4/2/19,2867.1,-0.12%
4/1/19,2870.5,1.15%
3/29/19,2837.75,0.59%
3/28/19,2821,0.37%
3/27/19,2810.5,-0.44%
3/26/19,2823,0.57%
3/25/19,2807,-0.13%
3/22/19,2810.75,-1.81%
3/21/19,2862.6,1.26%
3/20/19,2827,-0.33%
3/19/19,2836.5,-0.14%
3/18/19,2840.5,0.38%
3/15/19,2829.75,0.62%
3/14/19,2812.3,-0.26%
3/13/19,2819.6,0.98%
3/12/19,2792.1,0.29%
3/11/19,2784,1.35%
3/8/19,2747,-0.11%
3/7/19,2750,-0.77%
3/6/19,2771.4,-0.72%
3/5/19,2791.5,0.00%
3/4/19,2791.6,-0.48%
3/1/19,2805,0.73%
2/28/19,2784.7,-0.37%
2/27/19,2795.1,0.13%
2/26/19,2791.5,-0.20%
2/25/19,2797.1,0.21%
2/22/19,2791.25,0.61%
2/21/19,2774.2,-0.46%
2/20/19,2787,0.30%
2/19/19,2778.7,0.06%
2/15/19,2777,1.22%
2/14/19,2743.4,-0.23%
2/13/19,2749.6,0.17%
2/12/19,2744.8,1.35%
2/11/19,2708.3,0.08%
2/8/19,2706.25,0.08%
2/7/19,2704.1,-0.93%
2/6/19,2729.4,-0.06%
2/5/19,2731.1,0.36%
2/4/19,2721.2,0.63%
2/1/19,2704.25,-0.01%
1/31/19,2704.5,0.82%
1/30/19,2682.5,1.60%
1/29/19,2640.3,-0.06%
1/28/19,2641.9,-0.81%
1/25/19,2663.5,1.12%
1/24/19,2634,-0.16%
1/23/19,2638.3,0.24%
1/22/19,2631.9,-1.48%
1/18/19,2671.5,1.38%
1/17/19,2635.2,0.84%
1/16/19,2613.2,0.30%
1/15/19,2605.4,0.96%
1/14/19,2580.5,-0.56%
1/11/19,2595,0.03%
1/10/19,2594.1,0.45%
1/9/19,2582.6,0.40%
1/8/19,2572.4,0.85%
1/7/19,2550.6,0.76%
1/4/19,2531.25,3.41%
1/3/19,2447.7,-2.52%
1/2/19,2511,0.23%
12/31/18,2505.25,0.77%
12/28/18,2486,-0.36%
12/27/18,2494.9,0.97%
12/26/18,2470.9,5.52%
12/24/18,2341.75,-2.97%
12/21/18,2413.5,-2.92%
12/20/18,2486.2,-0.73%
12/19/18,2504.4,-1.24%
12/18/18,2535.8,-0.65%
12/17/18,2552.5,-1.90%
12/14/18,2602,-1.65%
12/13/18,2645.6,-0.26%
12/12/18,2652.5,0.43%
12/11/18,2641.2,-0.07%
12/10/18,2643,0.27%
12/7/18,2636,-2.05%
12/6/18,2691.1,-0.39%
12/4/18,2701.7,-3.19%
12/3/18,2790.7,1.18%
11/30/18,2758.25,0.51%
11/29/18,2744.2,0.10%
11/28/18,2741.5,2.16%
11/27/18,2683.5,0.51%
11/26/18,2669.9,1.54%
11/23/18,2629.5,-0.74%
11/21/18,2649,0.34%
11/20/18,2639.9,-2.09%
11/19/18,2696.3,-1.70%
11/16/18,2743,0.31%
11/15/18,2734.5,1.33%
11/14/18,2698.6,-1.06%
11/13/18,2727.6,-0.01%
11/12/18,2727.8,-1.84%
11/9/18,2779,-1.06%
11/8/18,2808.7,-0.27%
11/7/18,2816.4,2.08%
11/6/18,2759,0.71%
11/5/18,2739.6,0.56%
11/2/18,2724.25,-0.51%
11/1/18,2738.1,1.00%
10/31/18,2711.1,0.96%
10/30/18,2685.3,1.58%
10/29/18,2643.6,-0.97%
10/26/18,2669.5,-0.70%
10/25/18,2688.2,0.90%
10/24/18,2664.3,-2.98%
10/23/18,2746.25,-0.37%
10/22/18,2756.5,-0.40%
10/19/18,2767.5,-0.17%
10/18/18,2772.2,-1.56%
10/17/18,2816.2,-0.06%
10/16/18,2817.8,2.50%
10/15/18,2749,-0.70%
10/12/18,2768.5,0.84%
10/11/18,2745.5,-1.28%
10/10/18,2781,-3.71%
10/9/18,2888.25,-0.19%
10/8/18,2893.75,-0.01%
10/5/18,2894,-0.47%
10/4/18,2907.7,-0.82%
10/3/18,2931.6,0.11%
10/2/18,2928.5,-0.05%
10/1/18,2930,0.38%
9/28/18,2919,-0.03%
9/27/18,2920,0.29%
9/26/18,2911.5,-0.34%
9/25/18,2921.3,-0.14%
9/24/18,2925.5,-0.28%
9/21/18,2933.75,-0.19%
9/20/18,2939.4,0.83%
9/19/18,2915.1,0.30%
9/18/18,2906.5,0.54%
9/17/18,2891,-0.52%
9/14/18,2906.25,0.03%
9/13/18,2905.3,0.58%
9/12/18,2888.5,-0.04%
9/11/18,2889.75,0.33%
9/10/18,2880.3,0.19%
9/7/18,2874.75,-0.15%
9/6/18,2879.1,-0.32%
9/5/18,2888.3,-0.35%
9/4/18,2898.3,-0.13%
8/31/18,2902,0.00%
8/30/18,2902,-0.44%
8/29/18,2914.75,0.53%
8/28/18,2899.3,0.03%
8/27/18,2898.4,0.75%
8/24/18,2876.75,0.66%
8/23/18,2858,-0.11%
8/22/18,2861.2,-0.02%
8/21/18,2861.7,0.11%
8/20/18,2858.6,0.22%
8/17/18,2852.25,0.26%
8/16/18,2844.75,0.83%
8/15/18,2821.2,-0.70%
8/14/18,2841,0.55%
8/13/18,2825.5,-0.40%
8/10/18,2836.75,-0.60%
8/9/18,2853.75,-0.05%
8/8/18,2855.25,-0.16%
8/7/18,2859.75,0.34%
8/6/18,2850.1,0.37%
8/3/18,2839.5,0.39%
8/2/18,2828.4,0.63%
8/1/18,2810.75,-0.22%
7/31/18,2817,0.49%
7/30/18,2803.2,-0.51%
7/27/18,2817.5,-0.88%
7/26/18,2842.5,0.04%
7/25/18,2841.3,0.72%
7/24/18,2821,0.32%
7/23/18,2812,0.40%
7/20/18,2800.75,-0.16%
7/19/18,2805.25,-0.38%
7/18/18,2816,0.17%
7/17/18,2811.25,0.53%
7/16/18,2796.5,-0.24%
7/13/18,2803.25,0.17%
7/12/18,2798.5,0.88%
7/11/18,2774.1,-0.81%
7/10/18,2796.7,0.33%
7/9/18,2787.5,0.89%
7/6/18,2763,0.89%
7/5/18,2738.5,0.93%
7/3/18,2713.25,-0.51%
7/2/18,2727.25,0.21%
6/29/18,2721.5,0.07%
6/28/18,2719.5,0.54%
6/27/18,2704.9,-0.86%
6/26/18,2728.5,0.23%
6/25/18,2722.3,-1.35%
6/22/18,2759.5,0.25%
6/21/18,2752.5,-0.70%
6/20/18,2772,0.21%
6/19/18,2766.25,-0.49%
6/18/18,2779.75,-0.17%
6/15/18,2784.5,-0.14%
6/14/18,2788.5,0.34%
6/13/18,2779,-0.18%
6/12/18,2783.9,0.03%
6/11/18,2783,0.15%
6/8/18,2778.75,0.24%
6/7/18,2772.2,0.00%
6/6/18,2772.2,0.75%
6/5/18,2751.5,0.22%
6/4/18,2745.5,0.43%
6/1/18,2733.75,1.04%
5/31/18,2705.5,-0.70%
5/30/18,2724.5,1.20%
5/29/18,2692.2,-0.96%
5/25/18,2718.25,-0.34%
5/24/18,2727.5,-0.12%
5/23/18,2730.75,0.17%
5/22/18,2726.1,-0.26%
5/21/18,2733.1,0.74%
5/18/18,2713,-0.21%
5/17/18,2718.75,-0.16%
5/16/18,2723,0.52%
5/15/18,2709,-0.81%
5/14/18,2731,0.05%
5/11/18,2729.5,0.40%
5/10/18,2718.75,0.84%
5/9/18,2696,0.96%
5/8/18,2670.3,0.01%
5/7/18,2670,0.26%
5/4/18,2663,1.19%
5/3/18,2631.8,0.16%
5/2/18,2627.5,-0.93%
5/1/18,2652.25,0.20%
4/30/18,2647,-0.92%
4/27/18,2671.5,-0.11%
4/26/18,2674.5,1.13%
4/25/18,2644.5,0.35%
4/24/18,2635.3,-1.35%
4/23/18,2671.25,-0.01%
4/20/18,2671.5,-0.80%
4/19/18,2693.1,-0.61%
4/18/18,2709.7,0.11%
4/17/18,2706.6,0.93%
4/16/18,2681.7,0.92%
4/13/18,2657.25,-0.25%
4/12/18,2664,0.87%
4/11/18,2641.1,-0.53%
4/10/18,2655.1,1.37%
4/9/18,2619.1,0.51%
4/6/18,2605.75,-2.11%
4/5/18,2661.8,0.56%
4/4/18,2647,1.29%
4/3/18,2613.2,1.48%
4/2/18,2575,-2.57%
3/29/18,2643,0.80%
3/28/18,2622,0.24%
3/27/18,2615.75,-1.65%
3/26/18,2659.5,2.38%
3/23/18,2597.75,-1.72%
3/22/18,2643.25,-2.76%
3/21/18,2718.25,-0.19%
3/20/18,2723.5,0.03%
3/19/18,2722.75,-1.21%
3/16/18,2756,0.02%
3/15/18,2755.5,0.05%
3/14/18,2754,-0.52%
3/13/18,2768.5,-0.56%
3/12/18,2784,0.00%
3/9/18,2784,1.63%
3/8/18,2739.25,0.59%
3/7/18,2723.25,-0.03%
3/6/18,2724,0.20%
3/5/18,2718.5,1.05%
3/2/18,2690.25,0.45%
3/1/18,2678.25,-1.34%
2/28/18,2714.5,-1.20%
2/27/18,2747.5,-1.33%
2/26/18,2784.5,1.30%
2/23/18,2748.75,1.37%
2/22/18,2711.5,0.47%
2/21/18,2698.75,-0.56%
2/20/18,2714,-0.77%
2/16/18,2735,0.04%
2/15/18,2734,1.37%
2/14/18,2697,1.32%
2/13/18,2661.75,0.24%
2/12/18,2655.25,1.38%
2/9/18,2619,0.98%
2/8/18,2593.5,-2.80%
2/7/18,2668.25,-0.97%
2/6/18,2694.25,3.32%
2/5/18,2607.75,-5.40%
2/2/18,2756.75,-2.33%
2/1/18,2822.5,-0.12%
1/31/18,2825.75,0.04%
1/30/18,2824.5,-1.02%
1/29/18,2853.5,-0.73%
1/26/18,2874.5,1.17%
1/25/18,2841.25,0.01%
1/24/18,2841,0.05%
1/23/18,2839.5,0.15%
1/22/18,2835.25,0.86%
1/19/18,2811,0.53%
1/18/18,2796.25,-0.27%
1/17/18,2803.75,0.76%
1/16/18,2782.5,-0.22%
1/12/18,2788.75,0.70%
1/11/18,2769.5,0.69%
1/10/18,2750.5,-0.06%
1/9/18,2752.25,0.20%
1/8/18,2746.75,0.15%
1/5/18,2742.5,0.69%
1/4/18,2723.75,0.47%
1/3/18,2711,0.67%
1/2/18,2693,0.64%
12/29/17,2676,-0.36%
12/28/17,2685.75,0.01%
12/27/17,2685.5,-0.06%
12/26/17,2687,0.04%
12/22/17,2686,-0.07%
12/21/17,2687.75,0.23%
12/20/17,2681.5,-0.09%
12/19/17,2684,-0.39%
12/18/17,2694.5,0.47%
12/15/17,2682,0.98%
12/14/17,2656,-0.49%
12/13/17,2669,0.15%
12/12/17,2665,0.13%
12/11/17,2661.5,0.40%
12/8/17,2651,0.44%
12/7/17,2639.5,0.39%
12/6/17,2629.25,0.04%
12/5/17,2628.25,-0.38%
12/4/17,2638.25,-0.22%
12/1/17,2644,-0.15%
11/30/17,2648,0.88%
11/29/17,2625,-0.04%
11/28/17,2626,0.93%
11/27/17,2601.75,0.03%
11/24/17,2601,0.25%
11/22/17,2594.5,-0.07%
11/21/17,2596.25,0.55%
11/20/17,2582,0.22%
11/17/17,2576.25,-0.34%
11/16/17,2585,0.78%
11/15/17,2565,-0.50%
11/14/17,2578,-0.15%
11/13/17,2582,0.10%
11/10/17,2579.5,-0.17%
11/9/17,2584,-0.27%
11/8/17,2591,0.16%
11/7/17,2586.75,-0.08%
11/6/17,2588.75,0.23%
11/3/17,2582.75,0.23%
11/2/17,2576.75,0.08%
11/1/17,2574.75,0.08%
10/31/17,2572.75,0.18%
10/30/17,2568.25,-0.40%
10/27/17,2578.5,0.66%
10/26/17,2561.5,0.12%
10/25/17,2558.5,-0.34%
10/24/17,2567.25,0.15%
10/23/17,2563.5,-0.41%
10/20/17,2574,0.53%
10/19/17,2560.5,0.02%
10/18/17,2560,0.12%
10/17/17,2557,0.03%
10/16/17,2556.25,0.14%
10/13/17,2552.75,0.13%
10/12/17,2549.5,-0.14%
10/11/17,2553,0.18%
10/10/17,2548.5,0.19%
10/9/17,2543.75,-0.05%
10/6/17,2545,-0.20%
10/5/17,2550,0.54%
10/4/17,2536.25,0.14%
10/3/17,2532.75,0.26%
10/2/17,2526.25,0.41%
9/29/17,2516,0.33%
9/28/17,2507.75,0.13%
9/27/17,2504.5,0.36%
9/26/17,2495.5,-0.06%
9/25/17,2497,-0.10%
9/22/17,2499.5,-0.06%
9/21/17,2501,-0.17%
9/20/17,2505.25,0.02%
9/19/17,2504.75,0.08%
9/18/17,2502.75,0.22%
9/15/17,2497.25,0.12%
9/14/17,2494.25,-0.02%
9/13/17,2494.75,-0.05%
9/12/17,2496,0.34%
9/11/17,2487.5,1.02%
9/8/17,2462.5,-0.16%
9/7/17,2466.5,0.04%
9/6/17,2465.5,0.23%
9/5/17,2459.75,-0.59%
9/1/17,2474.25,0.17%
8/31/17,2470,0.58%
8/30/17,2455.75,0.36%
8/29/17,2447,0.13%
8/28/17,2443.75,0.05%
8/25/17,2442.5,0.07%
8/24/17,2440.75,-0.03%
8/23/17,2441.5,-0.46%
8/22/17,2452.75,1.02%
8/21/17,2428,0.05%
8/18/17,2426.75,-0.11%
8/17/17,2429.5,-1.54%
8/16/17,2467.5,0.15%
8/15/17,2463.75,0.01%
8/14/17,2463.5,0.96%
8/11/17,2440,0.10%
8/10/17,2437.5,-1.44%
8/9/17,2473,0.01%
8/8/17,2472.75,-0.19%
8/7/17,2477.5,0.22%
8/4/17,2472,0.01%
8/3/17,2471.75,-0.07%
8/2/17,2473.5,0.05%
8/1/17,2472.25,0.17%
7/31/17,2468,-0.09%
7/28/17,2470.25,-0.07%
7/27/17,2472,-0.05%
7/26/17,2473.25,-0.03%
7/25/17,2474,0.22%
7/24/17,2468.5,-0.04%
7/21/17,2469.5,-0.07%
7/20/17,2471.25,-0.01%
7/19/17,2471.5,0.56%
7/18/17,2457.75,-0.03%
7/17/17,2458.5,0.10%
7/14/17,2456,0.43%
7/13/17,2445.5,0.23%
7/12/17,2440,0.64%
7/11/17,2424.5,0.00%
7/10/17,2424.5,0.08%
7/7/17,2422.5,0.58%
7/6/17,2408.5,-0.80%
7/5/17,2428,0.12%
7/3/17,2425,0.17%
6/30/17,2421,0.04%
6/29/17,2420,-0.76%
6/28/17,2438.5,0.74%
6/27/17,2420.5,-0.64%
6/26/17,2436,0.04%
6/23/17,2435,0.13%
6/22/17,2431.75,-0.07%
6/21/17,2433.5,-0.16%
6/20/17,2437.5,-0.41%
6/19/17,2447.5,0.68%
6/16/17,2431,-0.04%
6/15/17,2432,-0.13%
6/14/17,2435.25,-0.19%
6/13/17,2440,0.47%
6/12/17,2428.5,-0.08%
6/9/17,2430.5,-0.08%
6/8/17,2432.5,0.02%
6/7/17,2432,0.05%
6/6/17,2430.75,-0.15%
6/5/17,2434.5,-0.13%
6/2/17,2437.75,0.34%
6/1/17,2429.5,0.77%
5/31/17,2411,0.01%
5/30/17,2410.75,-0.12%
5/26/17,2413.75,0.01%
5/25/17,2413.5,0.48%
5/24/17,2402,0.17%
5/23/17,2398,0.22%
5/22/17,2392.75,0.47%
5/19/17,2381.5,0.76%
5/18/17,2363.5,0.25%
5/17/17,2357.5,-1.65%
5/16/17,2397,-0.06%
5/15/17,2398.5,0.41%
5/12/17,2388.75,-0.09%
5/11/17,2391,-0.18%
5/10/17,2395.25,0.08%
5/9/17,2393.25,-0.07%
5/8/17,2395,-0.11%
5/5/17,2397.75,0.51%
5/4/17,2385.5,0.09%
5/3/17,2383.25,-0.10%
5/2/17,2385.75,-0.05%
5/1/17,2387,0.27%
4/28/17,2380.5,-0.23%
4/27/17,2386,0.16%
4/26/17,2382.25,-0.12%
4/25/17,2385,0.63%
4/24/17,2370,0.96%
4/21/17,2347.5,-0.19%
4/20/17,2352,0.78%
4/19/17,2333.75,-0.15%
4/18/17,2337.25,-0.33%
4/17/17,2345,0.75%
4/13/17,2327.5,-0.57%
4/12/17,2340.75,-0.44%
4/11/17,2351,-0.06%
4/10/17,2352.5,0.01%
4/7/17,2352.25,-0.06%
4/6/17,2353.75,0.31%
4/5/17,2346.5,-0.42%
4/4/17,2356.5,0.02%
4/3/17,2356,-0.14%
3/31/17,2359.25,-0.22%
3/30/17,2364.5,0.32%
3/29/17,2357,0.23%
3/28/17,2351.5,0.56%
3/27/17,2338.5,-0.27%
3/24/17,2344.75,0.20%
3/23/17,2340,-0.11%
3/22/17,2342.5,0.01%
3/21/17,2342.25,-1.18%
3/20/17,2370.25,-0.21%
3/17/17,2375.25,-0.16%
3/16/17,2379.1,-0.06%
3/15/17,2380.5,0.59%
3/14/17,2366.5,-0.36%
3/13/17,2375,0.14%
3/10/17,2371.75,0.23%
3/9/17,2366.25,0.10%
3/8/17,2364,-0.11%
3/7/17,2366.5,-0.38%
3/6/17,2375.5,-0.24%
3/3/17,2381.25,-0.03%
3/2/17,2382,-0.48%
3/1/17,2393.5,1.30%
2/28/17,2362.75,-0.23%
2/27/17,2368.25,0.14%
2/24/17,2365,0.10%
2/23/17,2362.75,0.07%
2/22/17,2361,0.04%
2/21/17,2360,0.51%
2/17/17,2348,0.00%
2/16/17,2348,0.11%
2/15/17,2345.5,-0.21%
2/14/17,2350.5,0.58%
2/13/17,2337,1.05%
2/10/17,2312.75,0.37%
2/9/17,2304.25,0.61%
2/8/17,2290.25,0.08%
2/7/17,2288.5,0.09%
2/6/17,2286.5,-0.20%
2/3/17,2291,0.68%
2/2/17,2275.5,0.04%
2/1/17,2274.5,0.00%
1/31/17,2274.5,-0.07%
1/30/17,2276,-0.57%
1/27/17,2289,-0.22%
1/26/17,2294,0.00%
1/25/17,2294,0.86%
1/24/17,2274.5,0.55%
1/23/17,2262,-0.18%
1/20/17,2266,0.20%
1/19/17,2261.5,-0.22%
1/18/17,2266.5,0.17%
1/17/17,2262.75,-0.43%
1/13/17,2272.5,0.00%
1/12/17,2272.5,0.40%
1/11/17,2263.5,-0.31%
1/10/17,2270.5,0.30%
1/9/17,2263.75,-0.34%
1/6/17,2271.5,0.32%
1/5/17,2264.25,0.00%
1/4/17,2264.25,0.52%
1/3/17,2252.5,0.73%
12/30/16,2236.25,-0.39%
12/29/16,2245,-0.01%
12/28/16,2245.25,-0.70%
12/27/16,2261,0.04%
12/23/16,2260,0.06%
12/22/16,2258.75,-0.08%
12/21/16,2260.5,-0.26%
12/20/16,2266.5,0.29%
12/19/16,2260,0.21%
12/16/16,2255.25,-0.14%
12/15/16,2258.5,0.29%
12/14/16,2252,-0.69%
12/13/16,2267.75,0.52%
12/12/16,2256,-0.18%
12/9/16,2260,0.54%
12/8/16,2247.75,0.49%
12/7/16,2236.75,1.21%
12/6/16,2210,0.26%
12/5/16,2204.25,0.56%
12/2/16,2192,0.00%
12/1/16,2192,-0.31%
11/30/16,2198.75,-0.23%
11/29/16,2203.75,0.14%
11/28/16,2200.75,-0.47%
11/25/16,2211.25,0.48%
11/23/16,2200.75,0.02%
11/22/16,2200.25,0.33%
11/21/16,2193,0.56%
11/18/16,2180.75,-0.16%
11/17/16,2184.25,0.53%
11/16/16,2172.75,-0.30%
11/15/16,2179.25,0.87%
11/14/16,2160.5,-0.05%
11/11/16,2161.5,-0.27%
11/10/16,2167.25,0.32%
11/9/16,2160.25,1.16%
11/8/16,2135.5,0.31%
11/7/16,2129,2.36%
11/4/16,2080,-0.17%
11/3/16,2083.5,-0.42%
11/2/16,2092.25,-0.55%
11/1/16,2103.75,-0.77%
10/31/16,2120,-0.18%
10/28/16,2123.75,0.01%
10/27/16,2123.5,-0.49%
10/26/16,2134,-0.19%
10/25/16,2138,-0.29%
10/24/16,2144.25,0.45%
10/21/16,2134.75,-0.11%
10/20/16,2137,-0.05%
10/19/16,2138,0.28%
10/18/16,2132,0.42%
10/17/16,2123,-0.19%
10/14/16,2127,0.04%
10/13/16,2126.25,-0.25%
10/12/16,2131.5,-0.14%
10/11/16,2134.5,-1.13%
10/10/16,2159,0.58%
10/7/16,2146.5,-0.46%
10/6/16,2156.5,0.15%
10/5/16,2153.25,0.40%
10/4/16,2144.75,-0.39%
10/3/16,2153.25,-0.34%
9/30/16,2160.5,0.56%
9/29/16,2148.5,-0.68%
9/28/16,2163.25,0.49%
9/27/16,2152.75,0.61%
9/26/16,2139.75,-0.85%
9/23/16,2158,-0.47%
9/22/16,2168.25,0.56%
9/21/16,2156.25,1.18%
9/20/16,2131,-0.09%
9/19/16,2133,0.02%
9/16/16,2132.5,-0.26%
9/15/16,2138,1.17%
9/14/16,2113.25,-0.42%
9/13/16,2122.25,-1.68%
9/12/16,2158.5,1.68%
9/9/16,2122.75,-2.51%
9/8/16,2177.5,-0.32%
9/7/16,2184.5,0.00%
9/6/16,2184.5,0.00%
9/2/16,2184.5,0.30%
9/1/16,2178,0.50%
8/31/16,2167.25,-0.10%
8/30/16,2169.5,-0.26%
8/29/16,2175.25,-0.18%
8/26/16,2179.25,0.50%
8/25/16,2168.5,-0.23%
8/24/16,2173.5,-0.07%
8/23/16,2175,-0.47%
8/22/16,2185.25,0.17%
8/19/16,2181.5,-0.01%
8/18/16,2181.75,-0.08%
8/17/16,2183.5,0.17%
8/16/16,2179.75,0.14%
8/15/16,2176.75,-0.42%
8/12/16,2186,0.26%
8/11/16,2180.25,-0.07%
8/10/16,2181.75,0.41%
8/9/16,2172.75,-0.22%
8/8/16,2177.5,0.09%
8/5/16,2175.5,-0.06%
8/4/16,2176.75,0.81%
8/3/16,2159.25,0.10%
8/2/16,2157,0.20%
8/1/16,2152.75,-0.54%
7/29/16,2164.5,-0.17%
7/28/16,2168.25,0.16%
7/27/16,2164.75,0.20%
7/26/16,2160.5,-0.13%
7/25/16,2163.25,0.05%
7/22/16,2162.25,-0.24%
7/21/16,2167.5,0.44%
7/20/16,2158,-0.44%
7/19/16,2167.5,0.41%
7/18/16,2158.75,-0.06%
7/15/16,2160,0.34%
7/14/16,2152.75,-0.21%
7/13/16,2157.25,0.54%
7/12/16,2145.75,0.73%
7/11/16,2130.25,0.46%
7/8/16,2120.5,1.36%
7/7/16,2092,-0.10%
7/6/16,2094,0.54%
7/5/16,2082.75,-0.64%
7/1/16,2096.25,0.29%
6/30/16,2090.25,1.14%
6/29/16,2066.75,1.89%
6/28/16,2028.5,2.19%
6/27/16,1985,-1.66%
6/24/16,2018.5,-4.14%
6/23/16,2105.75,1.40%
6/22/16,2076.75,-0.18%
6/21/16,2080.5,0.30%
6/20/16,2074.25,0.74%
6/17/16,2059,-0.56%
6/16/16,2070.5,0.34%
6/15/16,2063.5,-0.12%
6/14/16,2066,-0.61%
6/13/16,2078.75,-0.83%
6/10/16,2096.25,-0.85%
6/9/16,2114.25,-0.18%
6/8/16,2118,0.37%
6/7/16,2110.25,0.09%
6/6/16,2108.25,0.50%
6/3/16,2097.75,-0.29%
6/2/16,2103.75,0.27%
6/1/16,2098,0.14%
5/31/16,2095,-0.11%
5/27/16,2097.25,0.36%
5/26/16,2089.75,0.12%
5/25/16,2087.25,0.59%
5/24/16,2075,1.45%
5/23/16,2045.25,-0.23%
5/20/16,2050,0.55%
5/19/16,2038.75,-0.13%
5/18/16,2041.5,-0.10%
5/17/16,2043.5,-0.93%
5/16/16,2062.75,0.94%
5/13/16,2043.5,-0.74%
5/12/16,2058.75,0.04%
5/11/16,2058,-0.94%
5/10/16,2077.5,1.13%
5/9/16,2054.25,0.07%
5/6/16,2052.75,0.43%
5/5/16,2044,-0.15%
5/4/16,2047,-0.49%
5/3/16,2057,-0.83%
5/2/16,2074.25,0.74%
4/29/16,2059,-0.65%
4/28/16,2072.5,-0.87%
4/27/16,2090.75,0.11%
4/26/16,2088.5,0.25%
4/25/16,2083.25,-0.13%
4/22/16,2086,0.16%
4/21/16,2082.75,-0.73%
4/20/16,2098,0.20%
4/19/16,2093.75,0.34%
4/18/16,2086.75,0.57%
4/15/16,2075,-0.07%
4/14/16,2076.5,0.02%
4/13/16,2076,0.99%
4/12/16,2055.75,1.04%
4/11/16,2034.5,-0.31%
4/8/16,2040.75,0.28%
4/7/16,2035,-1.23%
4/6/16,2060.25,1.05%
4/5/16,2038.75,-0.91%
4/4/16,2057.5,-0.36%
4/1/16,2065,0.66%
3/31/16,2051.5,-0.18%
3/30/16,2055.25,0.38%
3/29/16,2047.5,0.96%
3/28/16,2028,-0.02%
3/24/16,2028.5,-0.01%
3/23/16,2028.75,0.43%
3/22/16,2020,0.00%
3/21/16,2020,0.26%
3/18/16,2014.75,-0.76%
3/17/16,2030.25,0.00%
3/16/16,2030.3,0.71%
3/15/16,2016,-0.12%
3/14/16,2018.5,-0.07%
3/11/16,2020,1.57%
3/10/16,1988.75,-0.01%
3/9/16,1989,0.40%
3/8/16,1981,-0.90%
3/7/16,1999,0.20%
3/4/16,1995,0.23%
3/3/16,1990.5,0.35%
3/2/16,1983.5,0.28%
3/1/16,1978,2.51%
2/29/16,1929.5,-0.68%
2/26/16,1942.75,-0.40%
2/25/16,1950.5,1.05%
2/24/16,1930.25,0.74%
2/23/16,1916,-1.05%
2/22/16,1936.25,1.14%
2/19/16,1914.5,-0.10%
2/18/16,1916.5,-0.33%
2/17/16,1922.75,1.80%
2/16/16,1888.75,1.64%
2/12/16,1858.25,1.85%
2/11/16,1824.5,-1.20%
2/10/16,1846.75,-0.08%
2/9/16,1848.25,-0.20%
2/8/16,1852,-1.24%
2/5/16,1875.25,-1.70%
2/4/16,1907.75,-0.04%
2/3/16,1908.5,0.58%
2/2/16,1897.5,-1.75%
2/1/16,1931.25,0.06%
1/29/16,1930,2.62%
1/28/16,1880.75,0.31%
1/27/16,1875,-1.11%
1/26/16,1896,1.38%
1/25/16,1870.25,-1.53%
1/22/16,1899.25,2.06%
1/21/16,1861,0.32%
1/20/16,1855,-0.96%
1/19/16,1873,-0.11%
1/15/16,1875,-2.06%
1/14/16,1914.5,1.75%
1/13/16,1881.5,-2.26%
1/12/16,1925,0.56%
1/11/16,1914.25,0.14%
1/8/16,1911.5,-1.11%
1/7/16,1933,-2.67%
1/6/16,1986,-1.28%
1/5/16,2011.75,0.14%
1/4/16,2009,-1.30%
12/31/15,2035.5,-0.92%
12/30/15,2054.5,-0.88%
12/29/15,2072.75,1.17%
12/28/15,2048.75,-0.12%
12/25/15,2051.25,0.00%
12/24/15,2051.25,-0.09%
12/23/15,2053,0.83%
12/22/15,2036,1.04%
12/21/15,2015,1.15%
12/18/15,1992,-1.62%
12/17/15,2024.75,-1.89%
12/16/15,2063.75,0.89%
12/15/15,2045.5,1.34%
12/14/15,2018.5,0.44%
12/11/15,2009.75,-1.93%
12/10/15,2049.25,0.36%
12/9/15,2042,-0.81%
12/8/15,2058.75,-1.07%
12/7/15,2081,-0.36%
12/4/15,2088.5,1.82%
12/3/15,2051.25,-1.45%
12/2/15,2081.5,-0.88%
12/1/15,2100,0.97%
11/30/15,2079.75,-0.49%
11/27/15,2090,0.10%
11/26/15,2088,0.00%
11/25/15,2088,0.16%
11/24/15,2084.75,0.02%
11/23/15,2084.25,-0.22%
11/20/15,2088.75,0.46%
11/19/15,2079.25,-0.02%
11/18/15,2079.75,1.50%
11/17/15,2049,0.05%
11/16/15,2048,1.46%
11/13/15,2018.5,-1.08%
11/12/15,2040.5,-1.38%
11/11/15,2069,-0.43%
11/10/15,2078,0.24%
11/9/15,2073,-0.99%
11/6/15,2093.75,-0.01%
11/5/15,2094,-0.04%
11/4/15,2094.75,-0.39%
11/3/15,2103,0.36%
11/2/15,2095.5,1.05%
10/30/15,2073.75,-0.44%
10/29/15,2083,-0.07%
10/28/15,2084.5,1.16%
10/27/15,2060.5,-0.08%
10/26/15,2062.25,-0.18%
10/23/15,2066,0.63%
10/22/15,2053,2.22%
10/21/15,2008.5,-0.59%
10/20/15,2020.5,-0.35%
10/19/15,2027.5,0.10%
10/16/15,2025.5,0.32%
10/15/15,2019,1.76%
10/14/15,1984,-0.50%
10/13/15,1994,-0.85%
10/12/15,2011,0.17%
10/9/15,2007.5,0.05%
10/8/15,2006.5,0.97%
10/7/15,1987.25,0.95%
10/6/15,1968.5,-0.32%
10/5/15,1974.75,1.63%
10/2/15,1943,1.37%
10/1/15,1916.75,0.42%
9/30/15,1908.75,1.83%
9/29/15,1874.5,0.13%
9/28/15,1872,-2.46%
9/25/15,1919.25,0.03%
9/24/15,1918.75,-0.51%
9/23/15,1928.5,-0.18%
9/22/15,1932,-1.58%
9/21/15,1963,0.64%
9/18/15,1950.6,-1.35%
9/17/15,1977.25,-0.54%
9/16/15,1988,0.42%
9/15/15,1979.75,1.32%
9/14/15,1954,-0.32%
9/11/15,1960.25,0.55%
9/10/15,1949.5,0.35%
9/9/15,1942.75,-1.17%
9/8/15,1965.75,2.29%
9/7/15,1921.75,0.00%
9/4/15,1921.75,-1.25%
9/3/15,1946,-0.05%
9/2/15,1947,1.62%
9/1/15,1916,-2.70%
8/31/15,1969.25,-1.03%
8/28/15,1989.75,0.03%
8/27/15,1989.25,2.64%
8/26/15,1938,3.48%
8/25/15,1872.75,0.08%
8/24/15,1871.25,-5.08%
8/21/15,1971.5,-2.67%
8/20/15,2025.5,-2.28%
8/19/15,2072.75,-1.01%
8/18/15,2094,-0.25%
8/17/15,2099.25,0.47%
8/14/15,2089.5,0.43%
8/13/15,2080.5,-0.18%
8/12/15,2084.25,0.22%
8/11/15,2079.75,-0.95%
8/10/15,2099.75,1.27%
8/7/15,2073.5,-0.29%
8/6/15,2079.5,-0.68%
8/5/15,2093.75,0.52%
8/4/15,2083,-0.38%
8/3/15,2091,-0.36%
7/31/15,2098.5,-0.25%
7/30/15,2103.75,0.11%
7/29/15,2101.5,0.68%
7/28/15,2087.25,1.10%
7/27/15,2064.5,-0.63%
7/24/15,2077.5,-1.00%
7/23/15,2098.5,-0.45%
7/22/15,2108,-0.31%
7/21/15,2114.5,-0.35%
7/20/15,2122,0.15%
7/17/15,2118.75,0.08%
7/16/15,2117,0.61%
7/15/15,2104.25,0.11%
7/14/15,2102,0.36%
7/13/15,2094.5,1.23%
7/10/15,2069,1.36%
7/9/15,2041.25,0.10%
7/8/15,2039.25,-1.66%
7/7/15,2073.75,0.45%
7/6/15,2064.5,-0.21%
7/3/15,2068.75,0.00%
7/2/15,2068.75,-0.11%
7/1/15,2071,0.80%
6/30/15,2054.5,0.20%
6/29/15,2050.5,-2.16%
6/26/15,2095.75,0.08%
6/25/15,2094,-0.26%
6/24/15,2099.5,-0.80%
6/23/15,2116.5,0.18%
6/22/15,2112.75,0.72%
6/19/15,2097.75,-0.80%
6/18/15,2114.75,1.22%
6/17/15,2089.25,-0.39%
6/16/15,2097.5,0.65%
6/15/15,2084,-0.43%
6/12/15,2093,-0.77%
6/11/15,2109.25,0.11%
6/10/15,2107,1.30%
6/9/15,2080,0.08%
6/8/15,2078.25,-0.67%
6/5/15,2092.25,-0.32%
6/4/15,2099,-0.80%
6/3/15,2116,0.44%
6/2/15,2106.75,-0.12%
6/1/15,2109.25,0.15%
5/29/15,2106,-0.74%
5/28/15,2121.75,0.04%
5/27/15,2121,0.76%
5/26/15,2105,-0.92%
5/25/15,2124.5,0.00%
5/22/15,2124.5,-0.16%
5/21/15,2128,0.26%
5/20/15,2122.5,-0.09%
5/19/15,2124.5,-0.07%
5/18/15,2125.9,0.33%
5/15/15,2119,0.07%
5/14/15,2117.5,1.10%
5/13/15,2094.5,-0.02%
5/12/15,2095,-0.13%
5/11/15,2097.8,-0.51%
5/8/15,2108.5,1.16%
5/7/15,2084.25,0.48%
5/6/15,2074.25,-0.47%
5/5/15,2084,-1.20%
5/4/15,2109.25,0.37%
5/1/15,2101.5,1.08%
4/30/15,2079,-0.95%
4/29/15,2099,-0.62%
4/28/15,2112,0.34%
4/27/15,2104.75,-0.33%
4/24/15,2111.75,0.23%
4/23/15,2107,0.32%
4/22/15,2100.25,0.44%
4/21/15,2091,0.00%
4/20/15,2091,0.75%
4/17/15,2075.5,-1.20%
4/16/15,2100.75,0.05%
4/15/15,2099.75,0.42%
4/14/15,2091,0.22%
4/13/15,2086.5,-0.43%
4/10/15,2095.5,0.47%
4/9/15,2085.75,0.47%
4/8/15,2075.9,0.39%
4/7/15,2067.8,-0.26%
4/6/15,2073.25,0.67%
4/3/15,2059.5,0.00%
4/2/15,2059.5,0.31%
4/1/15,2053.1,-0.37%
3/31/15,2060.75,-0.71%
3/30/15,2075.5,1.12%
3/27/15,2052.5,0.20%
3/26/15,2048.5,-0.26%
3/25/15,2053.75,-1.50%
3/24/15,2085,-0.47%
3/23/15,2094.75,-0.21%
3/20/15,2099.25,0.85%
3/19/15,2081.5,-0.53%
3/18/15,2092.5,0.87%
3/17/15,2074.5,-0.10%
3/16/15,2076.5,1.31%
3/13/15,2049.75,-0.69%
3/12/15,2064,1.20%
3/11/15,2039.5,-0.12%
3/10/15,2042,-1.72%
3/9/15,2077.75,0.34%
3/6/15,2070.75,-1.38%
3/5/15,2099.75,0.16%
3/4/15,2096.5,-0.39%
3/3/15,2104.8,-0.43%
3/2/15,2113.9,0.53%
2/27/15,2102.75,-0.34%
2/26/15,2110,-0.01%
2/25/15,2110.25,-0.17%
2/24/15,2113.75,0.33%
2/23/15,2106.75,-0.01%
2/20/15,2107,0.56%
2/19/15,2095.25,-0.01%
2/18/15,2095.5,-0.02%
2/17/15,2096,0.12%
2/16/15,2093.5,0.00%
2/13/15,2093.5,0.46%
2/12/15,2084,0.88%
2/11/15,2065.75,0.17%
2/10/15,2062.25,0.97%
2/9/15,2042.5,-0.51%
2/6/15,2053,-0.10%
2/5/15,2055,1.23%
2/4/15,2030,-0.59%
2/3/15,2042,1.23%
2/2/15,2017.1,1.44%
1/30/15,1988.5,-1.49%
1/29/15,2018.5,1.36%
1/28/15,1991.5,-1.90%
1/27/15,2030,-1.14%
1/26/15,2053.5,0.46%
1/23/15,2044,-0.61%
1/22/15,2056.5,1.48%
1/21/15,2026.5,0.48%
1/20/15,2016.75,1.40%
1/19/15,1989,0.00%
1/16/15,1989,0.00%
1/15/15,1989,-0.92%
1/14/15,2007.5,-1.30%
1/13/15,2034,0.00%
1/11/15,2034,-0.06%
1/9/15,2035.25,-0.96%
1/8/15,2055,3.03%
1/7/15,1994.5,0.00%
1/6/15,1994.5,-2.52%
1/4/15,2046,-0.01%
1/2/15,2046.25,-0.30%
1/1/15,2052.5,0.00%
12/31/14,2052.5,-1.17%
12/30/14,2076.75,-0.43%
12/29/14,2085.75,0.07%
12/26/14,2084.2,0.26%
12/25/14,2078.75,0.00%
12/24/14,2078.75,-0.01%
12/23/14,2079,0.31%
12/22/14,2072.5,0.27%
12/19/14,2067,0.34%
12/18/14,2060,2.58%
12/17/14,2008.25,1.86%
12/16/14,1971.5,-0.93%
12/15/14,1990,-0.36%
12/12/14,1997.25,-1.66%
12/11/14,2031,0.23%
12/10/14,2026.4,-1.51%
12/9/14,2057.5,-0.10%
12/8/14,2059.5,-0.79%
12/5/14,2076,0.19%
12/4/14,2072,-0.02%
12/3/14,2072.5,0.31%
12/2/14,2066,0.74%
12/1/14,2050.75,-0.75%
11/28/14,2066.25,-0.29%
11/27/14,2072.25,0.00%
11/26/14,2072.25,0.23%
11/25/14,2067.5,0.01%
11/24/14,2067.25,0.27%
11/21/14,2061.75,0.48%
11/20/14,2052,0.23%
11/19/14,2047.25,-0.06%
11/18/14,2048.5,0.43%
11/17/14,2039.75,0.09%
11/14/14,2038,0.20%
11/13/14,2034,-0.10%
11/12/14,2036,-0.02%
11/11/14,2036.5,0.12%
11/10/14,2034,0.39%
11/7/14,2026,-0.10%
11/6/14,2028,0.46%
11/5/14,2018.75,0.66%
11/4/14,2005.5,-0.27%
11/3/14,2011,-0.02%
10/31/14,2011.5,1.16%
10/30/14,1988.5,0.82%
10/29/14,1972.25,-0.39%
10/28/14,1980,1.10%
10/26/14,1958.5,-0.06%
10/24/14,1959.75,0.71%
10/23/14,1946,1.09%
10/22/14,1925,-0.67%
10/21/14,1938,2.00%
10/20/14,1900,1.01%
10/17/14,1881,1.65%
10/16/14,1850.5,0.20%
10/15/14,1846.75,-1.49%
10/14/14,1874.75,0.50%
10/13/14,1865.5,-1.52%
10/10/14,1894.25,-1.60%
10/9/14,1925,-1.87%
10/8/14,1961.75,1.75%
10/7/14,1928,-1.43%
10/6/14,1956,-0.22%
10/3/14,1960.25,1.12%
10/2/14,1938.5,-0.12%
10/1/14,1940.75,-1.26%
9/30/14,1965.5,-0.20%
9/29/14,1969.5,-0.33%
9/26/14,1976,0.74%
9/25/14,1961.5,-1.48%
9/24/14,1991,0.95%
9/23/14,1972.25,-0.70%
9/22/14,1986.25,-0.87%
9/19/14,2003.75,-0.04%
9/18/14,2004.5,0.54%
9/17/14,1993.75,-0.29%
9/16/14,1999.5,0.77%
9/15/14,1984.25,-0.03%
9/12/14,1984.75,-0.61%
9/11/14,1997,0.10%
9/10/14,1995,0.26%
9/9/14,1989.75,-0.54%
9/8/14,2000.5,-0.27%
9/5/14,2006,0.41%
9/4/14,1997.75,-0.05%
9/3/14,1998.75,-0.05%
9/2/14,1999.75,-0.09%
9/1/14,2001.5,0.00%
8/29/14,2001.5,0.24%
8/28/14,1996.75,-0.01%
8/27/14,1997,-0.08%
8/26/14,1998.5,0.18%
8/25/14,1995,0.36%
8/22/14,1987.75,-0.09%
8/21/14,1989.5,0.32%
8/20/14,1983.25,0.30%
8/19/14,1977.25,0.50%
8/18/14,1967.5,0.77%
8/15/14,1952.5,-0.05%
8/14/14,1953.5,0.45%
8/13/14,1944.75,0.74%
8/12/14,1930.5,-0.10%
8/11/14,1932.5,0.45%
8/8/14,1923.75,0.97%
8/7/14,1905.25,-0.50%
8/6/14,1914.75,0.09%
8/5/14,1913,-0.98%
8/4/14,1932,0.70%
8/1/14,1918.5,-0.32%
7/31/14,1924.75,-2.05%
7/30/14,1965,0.10%
7/29/14,1963,-0.51%
7/28/14,1973,0.08%
7/25/14,1971.5,-0.47%
7/24/14,1980.75,0.00%
7/23/14,1980.75,0.29%
7/22/14,1975,0.45%
7/21/14,1966.25,-0.27%
7/18/14,1971.5,0.92%
7/17/14,1953.5,-1.08%
7/16/14,1974.75,0.34%
7/15/14,1968,-0.15%
7/14/14,1971,0.43%
7/11/14,1962.5,0.24%
7/10/14,1957.75,-0.48%
7/9/14,1967.25,0.34%
7/8/14,1960.5,-0.53%
7/7/14,1971,-0.33%
7/4/14,1977.5,0.00%
7/3/14,1977.5,0.50%
7/2/14,1967.75,0.10%
7/1/14,1965.75,0.68%
6/30/14,1952.5,0.03%
6/27/14,1952,0.17%
6/26/14,1948.75,-0.04%
6/25/14,1949.5,0.32%
6/24/14,1943.25,-0.50%
6/23/14,1953,-0.01%
6/20/14,1953.25,0.15%
6/19/14,1950.25,0.06%
6/18/14,1949,0.39%
6/17/14,1941.5,0.26%
6/16/14,1936.5,0.04%
6/13/14,1935.75,0.27%
6/12/14,1930.5,-0.69%
6/11/14,1944,-0.33%
6/10/14,1950.5,0.01%
6/9/14,1950.25,0.05%
6/6/14,1949.25,0.55%
6/5/14,1938.5,0.66%
6/4/14,1925.75,0.20%
6/3/14,1922,0.01%
6/2/14,1921.75,0.01%
5/30/14,1921.5,0.18%
5/29/14,1918,0.47%
5/28/14,1909,-0.01%
5/27/14,1909.25,0.65%
5/26/14,1897,0.00%
5/23/14,1897,0.36%
5/22/14,1890.25,0.28%
5/21/14,1885,0.91%
5/20/14,1868,-0.76%
5/19/14,1882.25,0.40%
5/16/14,1874.75,0.40%
5/15/14,1867.25,-0.95%
5/14/14,1885.25,-0.48%
5/13/14,1894.25,0.08%
5/12/14,1892.75,1.03%
5/9/14,1873.5,0.07%
5/8/14,1872.25,-0.11%
5/7/14,1874.25,0.54%
5/6/14,1864.25,-0.61%
5/5/14,1875.75,0.07%
5/2/14,1874.5,-0.17%
5/1/14,1877.75,-0.01%
4/30/14,1878,0.33%
4/29/14,1871.75,0.31%
4/28/14,1866,0.32%
4/25/14,1860,-0.69%
4/24/14,1873,0.00%
4/23/14,1873,-0.05%
4/22/14,1874,0.51%
4/21/14,1864.5,0.35%
4/18/14,1858,0.00%
4/17/14,1858,0.28%
4/16/14,1852.75,0.72%
4/15/14,1839.5,0.82%
4/14/14,1824.5,0.70%
4/11/14,1811.75,-0.83%
4/10/14,1827,-2.02%
4/9/14,1864.75,1.07%
4/8/14,1845,0.38%
4/7/14,1838,-1.18%
4/4/14,1860,-1.22%
4/3/14,1883,0.00%
4/2/14,1883,0.28%
4/1/14,1877.75,0.71%
3/31/14,1864.5,0.76%
3/28/14,1850.5,0.54%
3/27/14,1840.5,-0.11%
3/26/14,1842.5,-0.90%
3/25/14,1859.25,0.53%
3/24/14,1849.5,-0.40%
3/21/14,1857,-0.48%
3/20/14,1866,0.74%
3/19/14,1852.25,-0.99%
3/18/14,1870.75,0.70%
3/17/14,1857.75,0.96%
3/14/14,1840,-0.37%
3/13/14,1846.75,-1.12%
3/12/14,1867.75,0.13%
3/11/14,1865.25,-0.64%
3/10/14,1877.25,-0.04%
3/7/14,1878,0.09%
3/6/14,1876.25,0.20%
3/5/14,1872.5,0.05%
3/4/14,1871.5,1.55%
3/3/14,1843,-0.78%
2/28/14,1857.5,0.19%
2/27/14,1854,0.65%
2/26/14,1842,-0.23%
2/25/14,1846.25,0.01%
2/24/14,1846,0.64%
2/21/14,1834.25,-0.11%
2/20/14,1836.25,0.59%
2/19/14,1825.5,-0.65%
2/18/14,1837.5,0.14%
2/17/14,1835,0.00%
2/14/14,1835,0.59%
2/13/14,1824.25,0.40%
2/12/14,1817,0.19%
2/11/14,1813.5,1.04%
2/10/14,1794.75,0.07%
2/7/14,1793.5,1.53%
2/6/14,1766.5,1.29%
2/5/14,1744,0.01%
2/4/14,1743.75,0.63%
2/3/14,1732.75,-2.46%
1/31/14,1776.5,-0.27%
1/30/14,1781.25,0.56%
1/29/14,1771.25,-0.95%
1/28/14,1788.25,0.70%
1/27/14,1775.75,-0.35%
1/24/14,1782,-2.32%
1/23/14,1824.25,-0.78%
1/22/14,1838.5,0.00%
1/21/14,1838.5,0.23%
1/20/14,1834.25,0.00%
1/17/14,1834.25,-0.11%
1/16/14,1836.25,-0.29%
1/15/14,1841.5,0.46%
1/14/14,1833,0.99%
1/13/14,1815,-1.24%
1/10/14,1837.75,0.26%
1/9/14,1833,0.03%
1/8/14,1832.5,0.10%
1/7/14,1830.75,0.55%
1/6/14,1820.75,-0.26%
1/3/14,1825.5,-0.05%
1/2/14,1826.5,-0.79%
1/1/14,1841,0.00%
12/31/13,1841,0.34%
12/30/13,1834.75,-0.10%
12/27/13,1836.5,0.00%
12/26/13,1836.5,0.41%
12/25/13,1829,0.00%
12/24/13,1829,0.34%
12/23/13,1822.75,0.45%
12/20/13,1814.5,0.69%
12/19/13,1802,-0.15%
12/18/13,1804.75,1.43%
12/17/13,1779.25,-0.41%
12/16/13,1786.5,0.66%
12/13/13,1774.75,-0.01%
12/12/13,1775,-0.32%
12/11/13,1780.75,-1.23%
12/10/13,1803,-0.35%
12/9/13,1809.25,0.24%
12/6/13,1805,1.15%
12/5/13,1784.5,-0.42%
12/4/13,1792,0.03%
12/3/13,1791.5,-0.51%
12/2/13,1800.75,-0.18%
11/29/13,1804,-0.02%
11/28/13,1804.3,0.00%
11/27/13,1804.3,0.17%
11/26/13,1801.25,-0.01%
11/25/13,1801.5,0.02%
11/22/13,1801.2,0.39%
11/21/13,1794.25,0.80%
11/20/13,1780,-0.38%
11/19/13,1786.75,-0.10%
11/18/13,1788.5,-0.28%
11/15/13,1793.5,0.36%
11/14/13,1787,0.37%
11/13/13,1780.5,0.92%
11/12/13,1764.25,-0.20%
11/11/13,1767.75,0.09%
11/8/13,1766.1,1.27%
11/7/13,1744,-1.11%
11/6/13,1763.5,0.41%
11/5/13,1756.25,-0.31%
11/4/13,1761.75,0.40%
11/1/13,1754.7,0.00%
10/31/13,1754.75,-0.14%
10/30/13,1757.25,-0.59%
10/29/13,1767.75,0.58%
10/28/13,1757.5,0.21%
10/25/13,1753.9,0.28%
10/24/13,1749,0.45%
10/23/13,1741.25,-0.39%
10/22/13,1748,0.60%
10/21/13,1737.5,0.06%
10/18/13,1736.5,0.54%
10/17/13,1727.25,0.93%
10/16/13,1711.25,0.99%
10/15/13,1694.5,-0.64%
10/14/13,1705.5,0.38%
10/11/13,1699,1.27%
10/10/13,1677.75,1.60%
10/9/13,1651.25,0.00%
10/8/13,1651.25,-0.87%
10/7/13,1665.75,-1.13%
10/4/13,1684.8,0.89%
10/3/13,1670,-0.76%
10/2/13,1682.75,-0.50%
10/1/13,1691.25,0.74%
9/30/13,1678.75,-0.45%
9/27/13,1686.4,-0.48%
9/26/13,1694.5,0.41%
9/25/13,1687.5,-0.25%
9/24/13,1691.75,-0.10%
9/23/13,1693.5,-0.52%
9/20/13,1702.4,-0.81%
9/19/13,1716.25,-0.16%
9/18/13,1719,1.21%
9/17/13,1698.5,0.07%
9/16/13,1697.25,0.51%
9/13/13,1688.6,0.20%
9/12/13,1685.25,-0.27%
9/11/13,1689.75,0.45%
9/10/13,1682.25,0.69%
9/9/13,1670.75,1.04%
9/6/13,1653.5,0.03%
9/5/13,1653,-0.09%
9/4/13,1654.5,1.04%
9/3/13,1637.5,0.38%
9/2/13,1631.3,0.00%
8/30/13,1631.3,-0.45%
8/29/13,1638.75,0.48%
8/28/13,1631,0.15%
8/27/13,1628.5,-1.54%
8/26/13,1654,-0.45%
8/23/13,1661.4,0.39%
8/22/13,1655,1.27%
8/21/13,1634.25,-1.03%
8/20/13,1651.25,0.38%
8/19/13,1645,-0.37%
8/16/13,1651.1,-0.33%
8/15/13,1656.5,-1.31%
8/14/13,1678.5,-0.77%
8/13/13,1691.5,0.21%
8/12/13,1688,0.11%
8/9/13,1686.2,-0.50%
8/8/13,1694.75,0.37%
8/7/13,1688.5,-0.24%
8/6/13,1692.5,-0.47%
8/5/13,1700.5,-0.21%
8/2/13,1704,0.15%
8/1/13,1701.5,0.95%
7/31/13,1685.5,0.09%
7/30/13,1684,0.09%
7/29/13,1682.5,-0.24%
7/26/13,1686.6,0.08%
7/25/13,1685.25,0.10%
7/24/13,1683.5,-0.25%
7/23/13,1687.75,-0.21%
7/22/13,1691.25,0.10%
7/19/13,1689.5,0.57%
7/18/13,1680,0.19%
7/17/13,1676.75,0.28%
7/16/13,1672,-0.36%
7/15/13,1678,0.46%
7/12/13,1670.3,0.03%
7/11/13,1669.75,0.65%
7/10/13,1659,0.71%
7/9/13,1647.25,0.67%
7/8/13,1636.25,0.55%
7/5/13,1627.3,1.13%
7/4/13,1609.1,0.00%
7/3/13,1609.1,0.12%
7/2/13,1607.25,-0.02%
7/1/13,1607.5,0.51%
6/28/13,1599.3,-0.48%
6/27/13,1607,0.69%
6/26/13,1596,1.04%
6/25/13,1579.5,0.72%
6/24/13,1568.25,-1.00%
6/21/13,1584.1,-0.09%
6/20/13,1585.5,-2.24%
6/19/13,1621.75,-1.53%
6/18/13,1647,0.37%
6/17/13,1641,1.03%
6/14/13,1624.3,-0.90%
6/13/13,1639,1.74%
6/12/13,1611,-1.01%
6/11/13,1627.5,-0.87%
6/10/13,1641.75,0.19%
6/7/13,1638.6,1.04%
6/6/13,1621.75,0.92%
6/5/13,1607,-1.46%
6/4/13,1630.75,-0.31%
6/3/13,1635.75,0.41%
5/31/13,1629,-1.47%
5/30/13,1653.25,0.46%
5/29/13,1645.75,-0.44%
5/28/13,1653,0.15%
5/27/13,1650.6,0.00%
5/24/13,1650.6,-0.05%
5/23/13,1651.5,-0.38%
5/22/13,1657.75,-0.50%
5/21/13,1666,0.14%
5/20/13,1663.75,0.05%
5/17/13,1663,0.86%
5/16/13,1648.75,-0.33%
5/15/13,1654.25,0.44%
5/14/13,1647,1.01%
5/13/13,1630.5,0.06%
5/10/13,1629.6,0.21%
5/9/13,1626.25,-0.11%
5/8/13,1628,0.51%
5/7/13,1619.75,0.47%
5/6/13,1612.25,0.23%
5/3/13,1608.5,1.04%
5/2/13,1592,0.78%
5/1/13,1579.75,-0.83%
4/30/13,1593,0.30%
4/29/13,1588.25,0.75%
4/26/13,1576.5,-0.30%
4/25/13,1581.25,0.52%
4/24/13,1573,-0.05%
4/23/13,1573.75,1.16%
4/22/13,1555.75,0.53%
4/19/13,1547.6,0.69%
4/18/13,1537,-0.55%
4/17/13,1545.5,-1.45%
4/16/13,1568.25,1.55%
4/15/13,1544.25,-2.38%
4/12/13,1581.9,-0.40%
4/11/13,1588.25,0.38%
4/10/13,1582.25,1.28%
4/9/13,1562.25,0.10%
4/8/13,1560.75,0.95%
4/5/13,1546,-0.56%
4/4/13,1554.75,0.50%
4/3/13,1547,-1.20%
4/2/13,1565.75,0.59%
4/1/13,1556.5,-0.40%
3/29/13,1562.7,0.00%
3/28/13,1562.7,0.41%
3/27/13,1556.25,-0.08%
3/26/13,1557.5,0.66%
3/25/13,1547.25,-0.31%
3/22/13,1552,0.88%
3/21/13,1538.5,-0.69%
3/20/13,1549.25,0.70%
3/19/13,1538.5,-0.57%
3/18/13,1547.25,-0.41%
3/15/13,1553.6,-0.11%
3/14/13,1555.25,0.35%
3/13/13,1549.75,0.18%
3/12/13,1547,-0.56%
3/11/13,1555.75,0.40%
3/8/13,1549.6,0.46%
3/7/13,1542.5,0.23%
3/6/13,1539,0.00%
3/5/13,1539,0.80%
3/4/13,1526.75,0.68%
3/1/13,1516.5,0.36%
2/28/13,1511,-0.30%
2/27/13,1515.5,1.49%
2/26/13,1493.25,0.42%
2/25/13,1487,-1.82%
2/22/13,1514.6,0.77%
2/21/13,1503,-0.32%
2/20/13,1507.75,-1.34%
2/19/13,1528.25,0.73%
2/18/13,1517.1,0.00%
2/15/13,1517.1,-0.08%
2/14/13,1518.25,0.13%
2/13/13,1516.25,-0.10%
2/12/13,1517.75,0.33%
2/11/13,1512.75,0.02%
2/8/13,1512.4,0.53%
2/7/13,1504.5,-0.15%
2/6/13,1506.75,0.03%
2/5/13,1506.25,0.89%
2/4/13,1493,-0.91%
2/1/13,1506.7,0.63%
1/31/13,1497.25,0.13%
1/30/13,1495.25,-0.60%
1/29/13,1504.25,0.59%
1/28/13,1495.5,-0.01%
1/25/13,1495.7,0.47%
1/24/13,1488.75,0.34%
1/23/13,1483.75,-0.45%
1/22/13,1490.5,0.78%
1/21/13,1478.9,0.00%
1/18/13,1478.9,0.26%
1/17/13,1475,0.73%
1/16/13,1464.25,-0.19%
1/15/13,1467,0.15%
1/14/13,1464.75,-0.17%
1/11/13,1467.2,-0.22%
1/10/13,1470.5,1.05%
1/9/13,1455.25,0.21%
1/8/13,1452.25,-0.26%
1/7/13,1456,-0.12%
1/4/13,1457.7,0.27%
1/3/13,1453.75,-0.07%
1/2/13,1454.75,2.44%
1/1/13,1420.1,0.00%
12/31/12,1420.1,2.61%
12/28/12,1384,-2.16%
12/27/12,1414.5,0.09%
12/26/12,1413.25,-0.46%
12/25/12,1419.8,0.00%
12/24/12,1419.8,-0.43%
12/21/12,1425.9,-1.03%
12/20/12,1440.75,0.89%
12/19/12,1428,-0.94%
12/18/12,1441.5,0.54%
12/17/12,1433.75,1.32%
12/14/12,1415.1,-0.24%
12/13/12,1418.5,-0.61%
12/12/12,1427.25,-0.26%
12/11/12,1431,1.04%
12/10/12,1416.25,0.02%
12/7/12,1416,0.18%
12/6/12,1413.5,0.37%
12/5/12,"1,408.25",0.20%
12/4/12,"1,405.50",-0.11%
12/3/12,"1,407.00",-0.53%
11/30/12,"1,414.50",-0.09%
11/29/12,"1,415.75",0.62%
11/28/12,"1,407.00",0.68%
11/27/12,"1,397.50",-0.41%
11/26/12,"1,403.25",-0.14%
11/23/12,"1,405.25",1.22%
11/21/12,"1,388.25",0.14%
11/20/12,"1,386.25",0.27%
11/19/12,"1,382.50",1.67%
11/16/12,"1,359.75",0.63%
11/15/12,"1,351.25",-0.13%
11/14/12,"1,353.00",-1.31%
11/13/12,"1,371.00",-0.53%
11/12/12,"1,378.25",0.18%