Date,market_value,returns_2,returns
11/11/22,"3,992.93",0.92%,0.9241%
11/10/22,"3,956.37",5.54%,5.5434%
11/9/22,"3,748.57",-2.08%,-2.0778%
11/8/22,"3,828.11",0.56%,0.5598%
11/7/22,"3,806.80",0.96%,0.9614%
11/4/22,"3,770.55",1.36%,1.3619%
11/3/22,"3,719.89",-1.06%,-1.0586%
11/2/22,"3,759.69",-2.50%,-2.5002%
11/1/22,"3,856.10",-0.41%,-0.4101%
10/31/22,"3,871.98",-0.75%,-0.7454%
10/28/22,"3,901.06",2.46%,2.4626%
10/27/22,"3,807.30",-0.61%,-0.6083%
10/26/22,"3,830.60",-0.74%,-0.7388%
10/25/22,"3,859.11",1.63%,1.6267%
10/24/22,"3,797.34",1.19%,1.1882%
10/21/22,"3,752.75",2.37%,2.3725%
10/20/22,"3,665.78",-0.80%,-0.7951%
10/19/22,"3,695.16",-0.67%,-0.6672%
10/18/22,"3,719.98",1.14%,1.1428%
10/17/22,"3,677.95",2.65%,2.6480%
10/14/22,"3,583.07",-2.37%,-2.3663%
10/13/22,"3,669.91",2.60%,2.5966%
10/12/22,"3,577.03",-0.33%,-0.3291%
10/11/22,"3,588.84",-0.65%,-0.6519%
10/10/22,"3,612.39",-0.75%,-0.7492%
10/7/22,"3,639.66",-2.80%,-2.8004%
10/6/22,"3,744.52",-1.02%,-1.0245%
10/5/22,"3,783.28",-0.20%,-0.2018%
10/4/22,"3,790.93",3.06%,3.0584%
10/3/22,"3,678.43",2.59%,2.5884%
9/30/22,"3,585.62",-1.51%,-1.5067%
9/29/22,"3,640.47",-2.11%,-2.1126%
9/28/22,"3,719.04",1.97%,1.9672%
9/27/22,"3,647.29",-0.21%,-0.2120%
9/26/22,"3,655.04",-1.03%,-1.0341%
9/23/22,"3,693.23",-1.72%,-1.7233%
9/22/22,"3,757.99",-0.84%,-0.8428%
9/21/22,"3,789.93",-1.71%,-1.7116%
9/20/22,"3,855.93",-1.13%,-1.1272%
9/19/22,"3,899.89",0.69%,0.6857%
9/16/22,"3,873.33",-0.72%,-0.7182%
9/15/22,"3,901.35",-1.13%,-1.1318%
9/14/22,"3,946.01",0.34%,0.3387%
9/13/22,"3,932.69",-4.32%,-4.3237%
9/12/22,"4,110.41",1.06%,1.0584%
9/9/22,"4,067.36",1.53%,1.5271%
9/8/22,"4,006.18",0.66%,0.6611%
9/7/22,"3,979.87",1.83%,1.8341%
9/6/22,"3,908.19",-0.41%,-0.4095%
9/2/22,"3,924.26",-1.07%,-1.0736%
9/1/22,"3,966.85",0.30%,0.2996%
8/31/22,"3,955.00",-0.78%,-0.7817%
8/30/22,"3,986.16",-1.10%,-1.1028%
8/29/22,"4,030.61",-0.67%,-0.6666%
8/26/22,"4,057.66",-3.37%,-3.3688%
8/25/22,"4,199.12",1.41%,1.4092%
8/24/22,"4,140.77",0.29%,0.2916%
8/23/22,"4,128.73",-0.22%,-0.2238%
8/22/22,"4,137.99",-2.14%,-2.1400%
8/19/22,"4,228.48",-1.29%,-1.2900%
8/18/22,"4,283.74",0.23%,0.2270%
8/17/22,"4,274.04",-0.72%,-0.7238%
8/16/22,"4,305.20",0.19%,0.1876%
8/15/22,"4,297.14",0.40%,0.3969%
8/12/22,"4,280.15",1.73%,1.7322%
8/11/22,"4,207.27",-0.07%,-0.0705%
8/10/22,"4,210.24",2.13%,2.1291%
8/9/22,"4,122.47",-0.42%,-0.4249%
8/8/22,"4,140.06",-0.12%,-0.1238%
8/5/22,"4,145.19",-0.16%,-0.1626%
8/4/22,"4,151.94",-0.08%,-0.0777%
8/3/22,"4,155.17",1.56%,1.5638%
8/2/22,"4,091.19",-0.67%,-0.6662%
8/1/22,"4,118.63",-0.28%,-0.2823%
7/29/22,"4,130.29",1.42%,1.4208%
7/28/22,"4,072.43",1.21%,1.2133%
7/27/22,"4,023.61",2.62%,2.6156%
7/26/22,"3,921.05",-1.15%,-1.1543%
7/25/22,"3,966.84",0.13%,0.1315%
7/22/22,"3,961.63",-0.93%,-0.9332%
7/21/22,"3,998.95",0.99%,0.9861%
7/20/22,"3,959.90",0.59%,0.5896%
7/19/22,"3,936.69",2.76%,2.7628%
7/18/22,"3,830.85",-0.84%,-0.8364%
7/15/22,"3,863.16",1.92%,1.9201%
7/14/22,"3,790.38",-0.30%,-0.2999%
7/13/22,"3,801.78",-0.45%,-0.4457%
7/12/22,"3,818.80",-0.92%,-0.9244%
7/11/22,"3,854.43",-1.15%,-1.1527%
7/8/22,"3,899.38",-0.08%,-0.0830%
7/7/22,"3,902.62",1.50%,1.4965%
7/6/22,"3,845.08",0.36%,0.3573%
7/5/22,"3,831.39",0.16%,0.1584%
7/1/22,"3,825.33",1.06%,1.0554%
6/30/22,"3,785.38",-0.88%,-0.8759%
6/29/22,"3,818.83",-0.07%,-0.0712%
6/28/22,"3,821.55",-2.01%,-2.0143%
6/27/22,"3,900.11",-0.30%,-0.2973%
6/24/22,"3,911.74",3.06%,3.0563%
6/23/22,"3,795.73",0.95%,0.9532%
6/22/22,"3,759.89",-0.13%,-0.1302%
6/21/22,"3,764.79",2.45%,2.4477%
6/17/22,"3,674.84",0.22%,0.2201%
6/16/22,"3,666.77",-3.25%,-3.2512%
6/15/22,"3,789.99",1.46%,1.4593%
6/14/22,"3,735.48",-0.38%,-0.3774%
6/13/22,"3,749.63",-3.88%,-3.8768%
6/10/22,"3,900.86",-2.91%,-2.9110%
6/9/22,"4,017.82",-2.38%,-2.3799%
6/8/22,"4,115.77",-1.08%,-1.0794%
6/7/22,"4,160.68",0.95%,0.9523%
6/6/22,"4,121.43",0.31%,0.3137%
6/3/22,"4,108.54",-1.63%,-1.6347%
6/2/22,"4,176.82",1.84%,1.8431%
6/1/22,"4,101.23",-0.75%,-0.7483%
5/31/22,"4,132.15",-0.63%,-0.6274%
5/27/22,"4,158.24",2.47%,2.4742%
5/26/22,"4,057.84",1.99%,1.9883%
5/25/22,"3,978.73",0.95%,0.9451%
5/24/22,"3,941.48",-0.81%,-0.8121%
5/23/22,"3,973.75",1.86%,1.8555%
5/20/22,"3,901.36",0.01%,0.0146%
5/19/22,"3,900.79",-0.58%,-0.5834%
5/18/22,"3,923.68",-4.04%,-4.0395%
5/17/22,"4,088.85",2.02%,2.0170%
5/16/22,"4,008.01",-0.39%,-0.3946%
5/13/22,"4,023.89",2.39%,2.3870%
5/12/22,"3,930.08",-0.13%,-0.1296%
5/11/22,"3,935.18",-1.65%,-1.6463%
5/10/22,"4,001.05",0.25%,0.2458%
5/9/22,"3,991.24",-3.20%,-3.2037%
5/6/22,"4,123.34",-0.70%,-0.6994%
5/5/22,"4,152.38",-3.44%,-3.4368%
5/4/22,"4,300.17",2.99%,2.9862%
5/3/22,"4,175.48",0.48%,0.4837%
5/2/22,"4,155.38",0.57%,0.5675%
4/29/22,"4,131.93",-3.63%,-3.6285%
4/28/22,"4,287.50",2.47%,2.4747%
4/27/22,"4,183.96",0.21%,0.2098%
4/26/22,"4,175.20",-2.81%,-2.8146%
4/25/22,"4,296.12",0.57%,0.5698%
4/22/22,"4,271.78",-2.77%,-2.7740%
4/21/22,"4,393.66",-1.48%,-1.4753%
4/20/22,"4,459.45",-0.06%,-0.0619%
4/19/22,"4,462.21",1.61%,1.6058%
4/18/22,"4,391.69",-0.02%,-0.0205%
4/14/22,"4,392.59",-1.21%,-1.2144%
4/13/22,"4,446.59",1.12%,1.1175%
4/12/22,"4,397.45",-0.34%,-0.3418%
4/11/22,"4,412.53",-1.69%,-1.6877%
4/8/22,"4,488.28",-0.27%,-0.2651%
4/7/22,"4,500.21",0.43%,0.4253%
4/6/22,"4,481.15",-0.97%,-0.9717%
4/5/22,"4,525.12",-1.26%,-1.2552%
4/4/22,"4,582.64",0.81%,0.8091%
4/1/22,"4,545.86",0.34%,0.3410%
3/31/22,"4,530.41",-1.57%,-1.5653%
3/30/22,"4,602.45",-0.63%,-0.6294%
3/29/22,"4,631.60",1.23%,1.2257%
3/28/22,"4,575.52",0.71%,0.7149%
3/25/22,"4,543.04",0.51%,0.5062%
3/24/22,"4,520.16",1.43%,1.4346%
3/23/22,"4,456.23",-1.23%,-1.2275%
3/22/22,"4,511.61",1.13%,1.1304%
3/21/22,"4,461.18",-0.04%,-0.0428%
3/18/22,"4,463.09",1.17%,1.1655%
3/17/22,"4,411.67",1.23%,1.2327%
3/16/22,"4,357.95",2.24%,2.2405%
3/15/22,"4,262.45",2.14%,2.1408%
3/14/22,"4,173.11",-0.74%,-0.7421%
3/11/22,"4,204.31",-1.30%,-1.2962%
3/10/22,"4,259.52",-0.43%,-0.4292%
3/9/22,"4,277.88",2.57%,2.5718%
3/8/22,"4,170.62",-0.73%,-0.7253%
3/7/22,"4,201.09",-2.95%,-2.9518%
3/4/22,"4,328.87",-0.79%,-0.7934%
3/3/22,"4,363.49",-0.53%,-0.5255%
3/2/22,"4,386.54",1.86%,1.8643%
3/1/22,"4,306.26",-1.54%,-1.5440%
2/28/22,"4,373.79",-0.25%,-0.2470%
2/25/22,"4,384.62",2.24%,2.2366%
2/24/22,"4,288.70",1.50%,1.4957%
2/23/22,"4,225.50",-1.84%,-1.8408%
2/22/22,"4,304.74",-1.01%,-1.0147%
2/18/22,"4,348.87",-0.72%,-0.7166%
2/17/22,"4,380.26",-2.12%,-2.1173%
2/16/22,"4,475.01",0.09%,0.0881%
2/15/22,"4,471.07",1.58%,1.5767%
2/14/22,"4,401.67",-0.38%,-0.3841%
2/11/22,"4,418.64",-1.90%,-1.8965%
2/10/22,"4,504.06",-1.81%,-1.8120%
2/9/22,"4,587.18",1.45%,1.4517%
2/8/22,"4,521.54",0.84%,0.8401%
2/7/22,"4,483.87",-0.37%,-0.3704%
2/4/22,"4,500.54",0.52%,0.5159%
2/3/22,"4,477.44",-2.44%,-2.4378%
2/2/22,"4,589.32",0.94%,0.9409%
2/1/22,"4,546.54",0.69%,0.6863%
1/31/22,"4,515.55",1.89%,1.8886%
1/28/22,"4,431.85",2.43%,2.4350%
1/27/22,"4,326.50",-0.54%,-0.5386%
1/26/22,"4,349.93",-0.15%,-0.1497%
1/25/22,"4,356.45",-1.22%,-1.2172%
1/24/22,"4,410.13",0.28%,0.2774%
1/21/22,"4,397.93",-1.89%,-1.8917%
1/20/22,"4,482.73",-1.10%,-1.1037%
1/19/22,"4,532.76",-0.97%,-0.9739%
1/18/22,"4,577.34",-1.83%,-1.8339%
1/14/22,"4,662.85",0.08%,0.0822%
1/13/22,"4,659.02",-1.42%,-1.4246%
1/12/22,"4,726.35",0.28%,0.2818%
1/11/22,"4,713.07",0.92%,0.9160%
1/10/22,"4,670.29",-0.14%,-0.1439%
1/7/22,"4,677.02",-0.41%,-0.4052%
1/6/22,"4,696.05",-0.10%,-0.0964%
1/5/22,"4,700.58",-1.94%,-1.9393%
1/4/22,"4,793.54",-0.06%,-0.0630%
1/3/22,"4,796.56",0.64%,0.6374%
12/31/21,"4,766.18",-0.26%,-0.2626%
12/30/21,"4,778.73",-0.30%,-0.2990%
12/29/21,"4,793.06",0.14%,0.1400%
12/28/21,"4,786.36",-0.10%,-0.1008%
12/27/21,"4,791.19",1.38%,1.3841%
12/23/21,"4,725.78",0.62%,0.6222%
12/22/21,"4,696.56",1.02%,1.0180%
12/21/21,"4,649.23",1.78%,1.7778%
12/20/21,"4,568.02",-1.14%,-1.1388%
12/17/21,"4,620.64",-1.03%,-1.0288%
12/16/21,"4,668.67",-0.87%,-0.8741%
12/15/21,"4,709.84",1.63%,1.6346%
12/14/21,"4,634.09",-0.75%,-0.7509%
12/13/21,"4,669.15",-0.91%,-0.9098%
12/10/21,"4,712.02",0.95%,0.9549%
12/9/21,"4,667.45",-0.72%,-0.7181%
12/8/21,"4,701.21",0.31%,0.3085%
12/7/21,"4,686.75",2.07%,2.0707%
12/6/21,"4,591.67",1.17%,1.1731%
12/3/21,"4,538.43",-0.84%,-0.8449%
12/2/21,"4,577.10",1.42%,1.4194%
12/1/21,"4,513.04",-1.18%,-1.1815%
11/30/21,"4,567.00",-1.90%,-1.8961%
11/29/21,"4,655.27",1.32%,1.3200%
11/26/21,"4,594.62",-2.27%,-2.2725%
11/24/21,"4,701.46",0.23%,0.2294%
11/23/21,"4,690.70",0.17%,0.1655%
11/22/21,"4,682.95",-0.32%,-0.3195%
11/19/21,"4,697.96",-0.18%,-0.1844%
11/18/21,"4,706.64",0.38%,0.3833%
11/17/21,"4,688.67",-0.26%,-0.2602%
11/16/21,"4,700.90",0.39%,0.3863%
11/15/21,"4,682.81",0.00%,-0.0009%
11/12/21,"4,682.85",0.72%,0.7223%
11/11/21,"4,649.27",0.06%,0.0551%
11/10/21,"4,646.71",-0.82%,-0.8226%
11/9/21,"4,685.25",-0.35%,-0.3499%
11/8/21,"4,701.70",0.09%,0.0888%
11/5/21,"4,697.53",0.37%,0.3733%
11/4/21,"4,680.06",0.42%,0.4182%
11/3/21,"4,660.57",0.65%,0.6461%
11/2/21,"4,630.65",0.37%,0.3680%
11/1/21,"4,613.67",0.18%,0.1800%
10/29/21,"4,605.38",0.19%,0.1949%
10/28/21,"4,596.42",0.98%,0.9829%
10/27/21,"4,551.68",-0.51%,-0.5052%
10/26/21,"4,574.79",0.18%,0.1820%
10/25/21,"4,566.48",0.47%,0.4748%
10/22/21,"4,544.90",-0.11%,-0.1073%
10/21/21,"4,549.78",0.30%,0.2996%
10/20/21,"4,536.19",0.37%,0.3664%
10/19/21,"4,519.63",0.74%,0.7389%
10/18/21,"4,486.48",0.34%,0.3379%
10/15/21,"4,471.37",0.75%,0.7467%
10/14/21,"4,438.23",1.71%,1.7056%
10/13/21,"4,363.80",0.30%,0.3025%
10/12/21,"4,350.64",-0.24%,-0.2419%
10/11/21,"4,361.19",-0.69%,-0.6870%
10/8/21,"4,391.36",-0.19%,-0.1909%
10/7/21,"4,399.76",0.83%,0.8298%
10/6/21,"4,363.55",0.41%,0.4103%
10/5/21,"4,345.72",1.05%,1.0524%
10/4/21,"4,300.46",-1.30%,-1.2988%
10/1/21,"4,357.05",1.15%,1.1494%
9/30/21,"4,307.54",-1.19%,-1.1910%
9/29/21,"4,359.46",0.16%,0.1569%
9/28/21,"4,352.63",-2.04%,-2.0364%
9/27/21,"4,443.11",-0.28%,-0.2776%
9/24/21,"4,455.48",0.15%,0.1461%
9/23/21,"4,448.98",1.21%,1.2135%
9/22/21,"4,395.64",0.95%,0.9522%
9/21/21,"4,354.18",-0.08%,-0.0815%
9/20/21,"4,357.73",-1.70%,-1.6977%
9/17/21,"4,432.99",-0.91%,-0.9113%
9/16/21,"4,473.76",-0.15%,-0.1549%
9/15/21,"4,480.70",0.85%,0.8474%
9/14/21,"4,443.05",-0.57%,-0.5747%
9/13/21,"4,468.73",0.23%,0.2277%
9/10/21,"4,458.58",-0.77%,-0.7723%
9/9/21,"4,493.28",-0.46%,-0.4606%
9/8/21,"4,514.07",-0.13%,-0.1319%
9/7/21,"4,520.03",-0.34%,-0.3395%
9/3/21,"4,535.43",-0.03%,-0.0335%
9/2/21,"4,536.95",0.28%,0.2843%
9/1/21,"4,524.09",0.03%,0.0312%
8/31/21,"4,522.68",-0.13%,-0.1349%
8/30/21,"4,528.79",0.43%,0.4307%
8/27/21,"4,509.37",0.88%,0.8828%
8/26/21,"4,469.91",-0.58%,-0.5845%
8/25/21,"4,496.19",0.22%,0.2220%
8/24/21,"4,486.23",0.15%,0.1493%
8/23/21,"4,479.54",0.85%,0.8526%
8/20/21,"4,441.67",0.81%,0.8142%
8/19/21,"4,405.80",0.13%,0.1257%
8/18/21,"4,400.27",-1.07%,-1.0748%
8/17/21,"4,448.08",-0.70%,-0.7050%
8/16/21,"4,479.66",0.26%,0.2610%
8/13/21,"4,468.00",0.16%,0.1605%
8/12/21,"4,460.84",0.30%,0.2954%
8/11/21,"4,447.70",0.25%,0.2468%
8/10/21,"4,436.75",0.10%,0.0993%
8/9/21,"4,432.35",-0.09%,-0.0940%
8/6/21,"4,436.52",0.17%,0.1675%
8/5/21,"4,429.10",0.60%,0.6001%
8/4/21,"4,402.68",-0.46%,-0.4628%
8/3/21,"4,423.15",0.82%,0.8215%
8/2/21,"4,387.11",-0.19%,-0.1854%
7/30/21,"4,395.26",-0.54%,-0.5406%
7/29/21,"4,419.15",0.42%,0.4204%
7/28/21,"4,400.65",-0.02%,-0.0184%
7/27/21,"4,401.46",-0.47%,-0.4697%
7/26/21,"4,422.23",0.24%,0.2364%
7/23/21,"4,411.80",1.01%,1.0148%
7/22/21,"4,367.48",0.20%,0.2017%
7/21/21,"4,358.69",0.82%,0.8207%
7/20/21,"4,323.21",1.52%,1.5165%
7/19/21,"4,258.63",-1.58%,-1.5837%
7/16/21,"4,327.16",-0.75%,-0.7539%
7/15/21,"4,360.03",-0.33%,-0.3262%
7/14/21,"4,374.30",0.12%,0.1165%
7/13/21,"4,369.21",-0.35%,-0.3517%
7/12/21,"4,384.63",0.35%,0.3451%
7/9/21,"4,369.55",1.13%,1.1278%
7/8/21,"4,320.82",-0.86%,-0.8561%
7/7/21,"4,358.13",0.34%,0.3359%
7/6/21,"4,343.54",-0.20%,-0.2022%
7/2/21,"4,352.34",0.75%,0.7500%
7/1/21,"4,319.94",0.52%,0.5222%
6/30/21,"4,297.50",0.13%,0.1328%
6/29/21,"4,291.80",0.03%,0.0277%
6/28/21,"4,290.61",0.23%,0.2315%
6/25/21,"4,280.70",0.33%,0.3331%
6/24/21,"4,266.49",0.58%,0.5811%
6/23/21,"4,241.84",-0.11%,-0.1083%
6/22/21,"4,246.44",0.51%,0.5125%
6/21/21,"4,224.79",1.40%,1.4002%
6/18/21,"4,166.45",-1.31%,-1.3125%
6/17/21,"4,221.86",-0.04%,-0.0436%
6/16/21,"4,223.70",-0.54%,-0.5390%
6/15/21,"4,246.59",-0.20%,-0.2012%
6/14/21,"4,255.15",0.18%,0.1815%
6/11/21,"4,247.44",0.19%,0.1948%
6/10/21,"4,239.18",0.47%,0.4652%
6/9/21,"4,219.55",-0.18%,-0.1824%
6/8/21,"4,227.26",0.02%,0.0175%
6/7/21,"4,226.52",-0.08%,-0.0797%
6/4/21,"4,229.89",0.88%,0.8834%
6/3/21,"4,192.85",-0.36%,-0.3629%
6/2/21,"4,208.12",0.14%,0.1447%
6/1/21,"4,202.04",-0.05%,-0.0492%
5/28/21,"4,204.11",0.08%,0.0769%
5/27/21,"4,200.88",0.12%,0.1165%
5/26/21,"4,195.99",0.19%,0.1877%
5/25/21,"4,188.13",-0.21%,-0.2125%
5/24/21,"4,197.05",0.99%,0.9911%
5/21/21,"4,155.86",-0.08%,-0.0784%
5/20/21,"4,159.12",1.06%,1.0555%
5/19/21,"4,115.68",-0.29%,-0.2943%
5/18/21,"4,127.83",-0.85%,-0.8517%
5/17/21,"4,163.29",-0.25%,-0.2530%
5/14/21,"4,173.85",1.49%,1.4918%
5/13/21,"4,112.50",1.22%,1.2173%
5/12/21,"4,063.04",-2.14%,-2.1449%
5/11/21,"4,152.10",-0.87%,-0.8674%
5/10/21,"4,188.43",-1.04%,-1.0436%
5/7/21,"4,232.60",0.74%,0.7373%
5/6/21,"4,201.62",0.82%,0.8165%
5/5/21,"4,167.59",0.07%,0.0704%
5/4/21,"4,164.66",-0.67%,-0.6678%
5/3/21,"4,192.66",0.27%,0.2748%
4/30/21,"4,181.17",-0.72%,-0.7195%
4/29/21,"4,211.47",0.68%,0.6763%
4/28/21,"4,183.18",-0.08%,-0.0846%
4/27/21,"4,186.72",-0.02%,-0.0215%
4/26/21,"4,187.62",0.18%,0.1782%
4/23/21,"4,180.17",1.09%,1.0929%
4/22/21,"4,134.98",-0.92%,-0.9211%
4/21/21,"4,173.42",0.93%,0.9306%
4/20/21,"4,134.94",-0.68%,-0.6802%
4/19/21,"4,163.26",-0.53%,-0.5306%
4/16/21,"4,185.47",0.36%,0.3609%
4/15/21,"4,170.42",1.11%,1.1094%
4/14/21,"4,124.66",-0.41%,-0.4088%
4/13/21,"4,141.59",0.33%,0.3295%
4/12/21,"4,127.99",-0.02%,-0.0196%
4/9/21,"4,128.80",0.77%,0.7720%
4/8/21,"4,097.17",0.42%,0.4221%
4/7/21,"4,079.95",0.15%,0.1475%
4/6/21,"4,073.94",-0.10%,-0.0974%
4/5/21,"4,077.91",1.44%,1.4438%
4/1/21,"4,019.87",1.18%,1.1825%
3/31/21,"3,972.89",0.36%,0.3623%
3/30/21,"3,958.55",-0.32%,-0.3158%
3/29/21,"3,971.09",-0.09%,-0.0868%
3/26/21,"3,974.54",1.66%,1.6631%
3/25/21,"3,909.52",0.52%,0.5240%
3/24/21,"3,889.14",-0.55%,-0.5467%
3/23/21,"3,910.52",-0.76%,-0.7631%
3/22/21,"3,940.59",0.70%,0.7025%
3/19/21,"3,913.10",-0.06%,-0.0603%
3/18/21,"3,915.46",-1.48%,-1.4761%
3/17/21,"3,974.12",0.29%,0.2879%
3/16/21,"3,962.71",-0.16%,-0.1570%
3/15/21,"3,968.94",0.65%,0.6492%
3/12/21,"3,943.34",0.10%,0.1015%
3/11/21,"3,939.34",1.04%,1.0395%
3/10/21,"3,898.81",0.60%,0.6030%
3/9/21,"3,875.44",1.42%,1.4155%
3/8/21,"3,821.35",-0.54%,-0.5359%
3/5/21,"3,841.94",1.95%,1.9496%
3/4/21,"3,768.47",-1.34%,-1.3417%
3/3/21,"3,819.72",-1.31%,-1.3066%
3/2/21,"3,870.29",-0.81%,-0.8081%
3/1/21,"3,901.82",2.38%,2.3791%
2/26/21,"3,811.15",-0.48%,-0.4750%
2/25/21,"3,829.34",-2.45%,-2.4479%
2/24/21,"3,925.43",1.14%,1.1352%
2/23/21,"3,881.37",0.13%,0.1256%
2/22/21,"3,876.50",-0.77%,-0.7733%
2/19/21,"3,906.71",-0.19%,-0.1855%
2/18/21,"3,913.97",-0.44%,-0.4416%
2/17/21,"3,931.33",-0.03%,-0.0320%
2/16/21,"3,932.59",-0.06%,-0.0569%
2/12/21,"3,934.83",0.47%,0.4711%
2/11/21,"3,916.38",0.17%,0.1662%
2/10/21,"3,909.88",-0.03%,-0.0345%
2/9/21,"3,911.23",-0.11%,-0.1113%
2/8/21,"3,915.59",0.74%,0.7399%
2/5/21,"3,886.83",0.39%,0.3897%
2/4/21,"3,871.74",1.09%,1.0853%
2/3/21,"3,830.17",0.10%,0.1009%
2/2/21,"3,826.31",1.39%,1.3898%
2/1/21,"3,773.86",1.61%,1.6052%
1/29/21,"3,714.24",-1.93%,-1.9312%
1/28/21,"3,787.38",0.98%,0.9761%
1/27/21,"3,750.77",-2.57%,-2.5678%
1/26/21,"3,849.62",-0.15%,-0.1489%
1/25/21,"3,855.36",0.36%,0.3616%
1/22/21,"3,841.47",-0.30%,-0.3011%
1/21/21,"3,853.07",0.03%,0.0317%
1/20/21,"3,851.85",1.39%,1.3936%
1/19/21,"3,798.91",0.81%,0.8136%
1/15/21,"3,768.25",-0.72%,-0.7190%
1/14/21,"3,795.54",-0.38%,-0.3753%
1/13/21,"3,809.84",0.23%,0.2276%
1/12/21,"3,801.19",0.04%,0.0416%
1/11/21,"3,799.61",-0.66%,-0.6555%
1/8/21,"3,824.68",0.55%,0.5492%
1/7/21,"3,803.79",1.48%,1.4847%
1/6/21,"3,748.14",0.57%,0.5710%
1/5/21,"3,726.86",0.71%,0.7083%
1/4/21,"3,700.65",-1.48%,-1.4755%
12/31/20,"3,756.07",0.64%,0.6439%
12/30/20,"3,732.04",0.13%,0.1342%
12/29/20,"3,727.04",-0.22%,-0.2227%
12/28/20,"3,735.36",0.87%,0.8723%
12/24/20,"3,703.06",0.35%,0.3537%
12/23/20,"3,690.01",0.07%,0.0746%
12/22/20,"3,687.26",-0.21%,-0.2073%
12/21/20,"3,694.92",-0.39%,-0.3906%
12/18/20,"3,709.41",-0.35%,-0.3511%
12/17/20,"3,722.48",0.58%,0.5758%
12/16/20,"3,701.17",0.18%,0.1773%
12/15/20,"3,694.62",1.29%,1.2921%
12/14/20,"3,647.49",-0.44%,-0.4359%
12/11/20,"3,663.46",-0.13%,-0.1265%
12/10/20,"3,668.10",-0.13%,-0.1285%
12/9/20,"3,672.82",-0.79%,-0.7949%
12/8/20,"3,702.25",0.28%,0.2787%
12/7/20,"3,691.96",-0.19%,-0.1936%
12/4/20,"3,699.12",0.88%,0.8836%
12/3/20,"3,666.72",-0.06%,-0.0624%
12/2/20,"3,669.01",0.18%,0.1791%
12/1/20,"3,662.45",1.13%,1.1271%
11/30/20,"3,621.63",-0.46%,-0.4595%
11/27/20,"3,638.35",0.24%,0.2397%
11/25/20,"3,629.65",-0.16%,-0.1584%
11/24/20,"3,635.41",1.62%,1.6162%
11/23/20,"3,577.59",0.56%,0.5636%
11/20/20,"3,557.54",-0.68%,-0.6793%
11/19/20,"3,581.87",0.39%,0.3946%
11/18/20,"3,567.79",-1.16%,-1.1564%
11/17/20,"3,609.53",-0.48%,-0.4792%
11/16/20,"3,626.91",1.16%,1.1648%
11/13/20,"3,585.15",1.36%,1.3610%
11/12/20,"3,537.01",-1.00%,-0.9979%
11/11/20,"3,572.66",0.77%,0.7652%
11/10/20,"3,545.53",-0.14%,-0.1400%
11/9/20,"3,550.50",1.17%,1.1700%
11/6/20,"3,509.44",-0.03%,-0.0288%
11/5/20,"3,510.45",1.95%,1.9460%
11/4/20,"3,443.44",2.20%,2.2047%
11/3/20,"3,369.16",1.78%,1.7799%
11/2/20,"3,310.24",1.23%,1.2318%
10/30/20,"3,269.96",-1.21%,-1.2130%
10/29/20,"3,310.11",1.19%,1.1947%
10/28/20,"3,271.03",-3.53%,-3.5288%
10/27/20,"3,390.68",-0.30%,-0.3026%
10/26/20,"3,400.97",-1.86%,-1.8590%
10/23/20,"3,465.39",0.34%,0.3446%
10/22/20,"3,453.49",0.52%,0.5219%
10/21/20,"3,435.56",-0.22%,-0.2196%
10/20/20,"3,443.12",0.47%,0.4727%
10/19/20,"3,426.92",-1.63%,-1.6330%
10/16/20,"3,483.81",0.01%,0.0135%
10/15/20,"3,483.34",-0.15%,-0.1528%
10/14/20,"3,488.67",-0.66%,-0.6623%
10/13/20,"3,511.93",-0.63%,-0.6307%
10/12/20,"3,534.22",1.64%,1.6419%
10/9/20,"3,477.13",0.88%,0.8791%
10/8/20,"3,446.83",0.80%,0.8007%
10/7/20,"3,419.45",1.74%,1.7406%
10/6/20,"3,360.95",-1.40%,-1.3988%
10/5/20,"3,408.63",1.80%,1.7976%
10/2/20,"3,348.44",-0.96%,-0.9572%
10/1/20,"3,380.80",0.53%,0.5293%
9/30/20,"3,363.00",0.83%,0.8254%
9/29/20,"3,335.47",-0.48%,-0.4813%
9/28/20,"3,351.60",1.61%,1.6111%
9/25/20,"3,298.46",1.60%,1.5977%
9/24/20,"3,246.59",0.30%,0.2987%
9/23/20,"3,236.92",-2.37%,-2.3721%
9/22/20,"3,315.57",1.05%,1.0518%
9/21/20,"3,281.06",-1.16%,-1.1571%
9/18/20,"3,319.47",-1.12%,-1.1183%
9/17/20,"3,357.01",-0.84%,-0.8412%
9/16/20,"3,385.49",-0.46%,-0.4619%
9/15/20,"3,401.20",0.52%,0.5219%
9/14/20,"3,383.54",1.27%,1.2742%
9/11/20,"3,340.97",0.05%,0.0533%
9/10/20,"3,339.19",-1.76%,-1.7585%
9/9/20,"3,398.96",2.01%,2.0145%
9/8/20,"3,331.84",-2.78%,-2.7756%
9/4/20,"3,426.96",-0.81%,-0.8133%
9/3/20,"3,455.06",-3.51%,-3.5126%
9/2/20,"3,580.84",1.54%,1.5366%
9/1/20,"3,526.65",0.75%,0.7525%
8/31/20,"3,500.31",-0.22%,-0.2195%
8/28/20,"3,508.01",0.67%,0.6733%
8/27/20,"3,484.55",0.17%,0.1673%
8/26/20,"3,478.73",1.02%,1.0196%
8/25/20,"3,443.62",0.36%,0.3596%
8/24/20,"3,431.28",1.00%,1.0044%
8/21/20,"3,397.16",0.34%,0.3441%
8/20/20,"3,385.51",0.32%,0.3159%
8/19/20,"3,374.85",-0.44%,-0.4404%
8/18/20,"3,389.78",0.23%,0.2303%
8/17/20,"3,381.99",0.27%,0.2710%
8/14/20,"3,372.85",-0.02%,-0.0172%
8/13/20,"3,373.43",-0.20%,-0.2047%
8/12/20,"3,380.35",1.40%,1.3997%
8/11/20,"3,333.69",-0.80%,-0.7969%
8/10/20,"3,360.47",0.27%,0.2742%
8/7/20,"3,351.28",0.06%,0.0633%
8/6/20,"3,349.16",0.64%,0.6428%
8/5/20,"3,327.77",0.64%,0.6430%
8/4/20,"3,306.51",0.36%,0.3612%
8/3/20,"3,294.61",0.72%,0.7181%
7/31/20,"3,271.12",0.77%,0.7670%
7/30/20,"3,246.22",-0.38%,-0.3750%
7/29/20,"3,258.44",1.24%,1.2428%
7/28/20,"3,218.44",-0.65%,-0.6473%
7/27/20,"3,239.41",0.74%,0.7395%
7/24/20,"3,215.63",-0.62%,-0.6190%
7/23/20,"3,235.66",-1.23%,-1.2320%
7/22/20,"3,276.02",0.57%,0.5747%
7/21/20,"3,257.30",0.17%,0.1679%
7/20/20,"3,251.84",0.84%,0.8407%
7/17/20,"3,224.73",0.28%,0.2849%
7/16/20,"3,215.57",-0.34%,-0.3406%
7/15/20,"3,226.56",0.91%,0.9082%
7/14/20,"3,197.52",1.34%,1.3406%
7/13/20,"3,155.22",-0.94%,-0.9363%
7/10/20,"3,185.04",1.05%,1.0466%
7/9/20,"3,152.05",-0.56%,-0.5644%
7/8/20,"3,169.94",0.78%,0.7828%
7/7/20,"3,145.32",-1.08%,-1.0819%
7/6/20,"3,179.72",1.59%,1.5882%
7/2/20,"3,130.01",0.45%,0.4541%
7/1/20,"3,115.86",0.50%,0.5022%
6/30/20,"3,100.29",1.54%,1.5410%
6/29/20,"3,053.24",1.47%,1.4686%
6/26/20,"3,009.05",-2.42%,-2.4227%
6/25/20,"3,083.76",1.10%,1.0959%
6/24/20,"3,050.33",-2.59%,-2.5855%
6/23/20,"3,131.29",0.43%,0.4307%
6/22/20,"3,117.86",0.65%,0.6495%
6/19/20,"3,097.74",-0.56%,-0.5649%
6/18/20,"3,115.34",0.06%,0.0594%
6/17/20,"3,113.49",-0.36%,-0.3600%
6/16/20,"3,124.74",1.90%,1.8962%
6/15/20,"3,066.59",0.83%,0.8312%
6/12/20,"3,041.31",1.31%,1.3061%
6/11/20,"3,002.10",-5.89%,-5.8944%
6/10/20,"3,190.14",-0.53%,-0.5313%
6/9/20,"3,207.18",-0.78%,-0.7799%
6/8/20,"3,232.39",1.20%,1.2042%
6/5/20,"3,193.93",2.62%,2.6212%
6/4/20,"3,112.35",-0.34%,-0.3369%
6/3/20,"3,122.87",1.36%,1.3649%
6/2/20,"3,080.82",0.82%,0.8211%
6/1/20,"3,055.73",0.38%,0.3751%
5/29/20,"3,044.31",0.48%,0.4812%
5/28/20,"3,029.73",-0.21%,-0.2108%
5/27/20,"3,036.13",1.48%,1.4827%
5/26/20,"2,991.77",1.23%,1.2289%
5/22/20,"2,955.45",0.24%,0.2354%
5/21/20,"2,948.51",-0.78%,-0.7774%
5/20/20,"2,971.61",1.67%,1.6651%
5/19/20,"2,922.94",-1.05%,-1.0484%
5/18/20,"2,953.91",3.15%,3.1501%
5/15/20,"2,863.70",0.39%,0.3926%
5/14/20,"2,852.50",1.15%,1.1525%
5/13/20,"2,820.00",-1.75%,-1.7463%
5/12/20,"2,870.12",-2.05%,-2.0544%
5/11/20,"2,930.32",0.02%,0.0177%
5/8/20,"2,929.80",1.69%,1.6872%
5/7/20,"2,881.19",1.15%,1.1505%
5/6/20,"2,848.42",-0.70%,-0.6979%
5/5/20,"2,868.44",0.90%,0.9041%
5/4/20,"2,842.74",0.42%,0.4250%
5/1/20,"2,830.71",-2.81%,-2.8059%
4/30/20,"2,912.43",-0.92%,-0.9212%
4/29/20,"2,939.51",2.66%,2.6584%
4/28/20,"2,863.39",-0.52%,-0.5242%
4/27/20,"2,878.48",1.47%,1.4714%
4/24/20,"2,836.74",1.39%,1.3918%
4/23/20,"2,797.80",-0.05%,-0.0539%
4/22/20,"2,799.31",2.29%,2.2930%
4/21/20,"2,736.56",-3.07%,-3.0675%
4/20/20,"2,823.16",-1.79%,-1.7881%
4/17/20,"2,874.56",2.68%,2.6794%
4/16/20,"2,799.55",0.58%,0.5817%
4/15/20,"2,783.36",-2.20%,-2.2030%
4/14/20,"2,846.06",3.06%,3.0573%
4/13/20,"2,761.63",-1.01%,-1.0105%
4/9/20,"2,789.82",1.45%,1.4487%
4/8/20,"2,749.98",3.41%,3.4056%
4/7/20,"2,659.41",-0.16%,-0.1603%
4/6/20,"2,663.68",7.03%,7.0331%
4/3/20,"2,488.65",-1.51%,-1.5137%
4/2/20,"2,526.90",2.28%,2.2829%
4/1/20,"2,470.50",-4.41%,-4.4142%
3/31/20,"2,584.59",-1.60%,-1.6013%
3/30/20,"2,626.65",3.35%,3.3516%
3/27/20,"2,541.47",-3.37%,-3.3687%
3/26/20,"2,630.07",6.24%,6.2414%
3/25/20,"2,475.56",1.15%,1.1535%
3/24/20,"2,447.33",9.38%,9.3828%
3/23/20,"2,237.40",-2.93%,-2.9294%
3/20/20,"2,304.92",-4.34%,-4.3360%
3/19/20,"2,409.39",0.47%,0.4708%
3/18/20,"2,398.10",-5.18%,-5.1831%
3/17/20,"2,529.19",6.00%,5.9955%
3/16/20,"2,386.13",-11.98%,-11.9841%
3/13/20,"2,711.02",9.29%,9.2871%
3/12/20,"2,480.64",-9.51%,-9.5113%
3/11/20,"2,741.38",-4.89%,-4.8868%
3/10/20,"2,882.23",4.94%,4.9396%
3/9/20,"2,746.56",-7.60%,-7.5970%
3/6/20,"2,972.37",-1.71%,-1.7054%
3/5/20,"3,023.94",-3.39%,-3.3922%
3/4/20,"3,130.12",4.22%,4.2203%
3/3/20,"3,003.37",-2.81%,-2.8108%
3/2/20,"3,090.23",4.60%,4.6039%
2/28/20,"2,954.22",-0.82%,-0.8238%
2/27/20,"2,978.76",-4.42%,-4.4163%
2/26/20,"3,116.39",-0.38%,-0.3779%
2/25/20,"3,128.21",-3.03%,-3.0280%
2/24/20,"3,225.89",-3.35%,-3.3514%
2/21/20,"3,337.75",-1.05%,-1.0518%
2/20/20,"3,373.23",-0.38%,-0.3816%
2/19/20,"3,386.15",0.47%,0.4706%
2/18/20,"3,370.29",-0.29%,-0.2920%
2/14/20,"3,380.16",0.18%,0.1844%
2/13/20,"3,373.94",-0.16%,-0.1630%
2/12/20,"3,379.45",0.65%,0.6463%
2/11/20,"3,357.75",0.17%,0.1688%
2/10/20,"3,352.09",0.73%,0.7326%
2/7/20,"3,327.71",-0.54%,-0.5401%
2/6/20,"3,345.78",0.33%,0.3326%
2/5/20,"3,334.69",1.13%,1.1251%
2/4/20,"3,297.59",1.50%,1.4980%
2/3/20,"3,248.92",0.73%,0.7255%
1/31/20,"3,225.52",-1.77%,-1.7706%
1/30/20,"3,283.66",0.31%,0.3134%
1/29/20,"3,273.40",-0.09%,-0.0867%
1/28/20,"3,276.24",1.01%,1.0054%
1/27/20,"3,243.63",-1.57%,-1.5731%
1/24/20,"3,295.47",-0.90%,-0.9042%
1/23/20,"3,325.54",0.11%,0.1141%
1/22/20,"3,321.75",0.03%,0.0289%
1/21/20,"3,320.79",-0.27%,-0.2652%
1/17/20,"3,329.62",0.39%,0.3862%
1/16/20,"3,316.81",0.84%,0.8367%
1/15/20,"3,289.29",0.19%,0.1870%
1/14/20,"3,283.15",-0.15%,-0.1515%
1/13/20,"3,288.13",0.70%,0.6976%
1/10/20,"3,265.35",-0.29%,-0.2855%
1/9/20,"3,274.70",0.67%,0.6655%
1/8/20,"3,253.05",0.49%,0.4902%
1/7/20,"3,237.18",-0.28%,-0.2803%
1/6/20,"3,246.28",0.35%,0.3533%
1/3/20,"3,234.85",-0.71%,-0.7060%
1/2/20,"3,257.85",0.84%,0.8379%
12/31/19,"3,230.78",0.29%,0.2946%
12/30/19,"3,221.29",-0.58%,-0.5781%
12/27/19,"3,240.02",0.00%,0.0034%
12/26/19,"3,239.91",0.51%,0.5128%
12/24/19,"3,223.38",-0.02%,-0.0195%
12/23/19,"3,224.01",0.09%,0.0866%
12/20/19,"3,221.22",0.49%,0.4945%
12/19/19,"3,205.37",0.45%,0.4459%
12/18/19,"3,191.14",-0.04%,-0.0432%
12/17/19,"3,192.52",0.03%,0.0335%
12/16/19,"3,191.45",0.71%,0.7148%
12/13/19,"3,168.80",0.01%,0.0073%
12/12/19,"3,168.57",0.86%,0.8575%
12/11/19,"3,141.63",0.29%,0.2908%
12/10/19,"3,132.52",-0.11%,-0.1097%
12/9/19,"3,135.96",-0.32%,-0.3163%
12/6/19,"3,145.91",0.91%,0.9136%
12/5/19,"3,117.43",0.15%,0.1500%
12/4/19,"3,112.76",0.63%,0.6324%
12/3/19,"3,093.20",-0.66%,-0.6638%
12/2/19,"3,113.87",-0.86%,-0.8631%
11/29/19,"3,140.98",-0.40%,-0.4011%
11/27/19,"3,153.63",0.42%,0.4174%
11/26/19,"3,140.52",0.22%,0.2196%
11/25/19,"3,133.64",0.75%,0.7507%
11/22/19,"3,110.29",0.22%,0.2175%
11/21/19,"3,103.54",-0.16%,-0.1583%
11/20/19,"3,108.46",-0.38%,-0.3756%
11/19/19,"3,120.18",-0.06%,-0.0593%
11/18/19,"3,122.03",0.05%,0.0503%
11/15/19,"3,120.46",0.77%,0.7695%
11/14/19,"3,096.63",0.08%,0.0837%
11/13/19,"3,094.04",0.07%,0.0712%
11/12/19,"3,091.84",0.16%,0.1565%
11/11/19,"3,087.01",-0.20%,-0.1962%
11/8/19,"3,093.08",0.26%,0.2561%
11/7/19,"3,085.18",0.27%,0.2730%
11/6/19,"3,076.78",0.07%,0.0703%
11/5/19,"3,074.62",-0.12%,-0.1186%
11/4/19,"3,078.27",0.37%,0.3704%
11/1/19,"3,066.91",0.97%,0.9662%
10/31/19,"3,037.56",-0.30%,-0.3023%
10/30/19,"3,046.77",0.33%,0.3253%
10/29/19,"3,036.89",-0.08%,-0.0832%
10/28/19,"3,039.42",0.56%,0.5581%
10/25/19,"3,022.55",0.41%,0.4073%
10/24/19,"3,010.29",0.19%,0.1920%
10/23/19,"3,004.52",0.28%,0.2847%
10/22/19,"2,995.99",-0.36%,-0.3569%
10/21/19,"3,006.72",0.69%,0.6872%
10/18/19,"2,986.20",-0.39%,-0.3919%
10/17/19,"2,997.95",0.28%,0.2763%
10/16/19,"2,989.69",-0.20%,-0.2000%
10/15/19,"2,995.68",1.00%,0.9956%
10/14/19,"2,966.15",-0.14%,-0.1387%
10/11/19,"2,970.27",1.09%,1.0939%
10/10/19,"2,938.13",0.64%,0.6416%
10/9/19,"2,919.40",0.91%,0.9105%
10/8/19,"2,893.06",-1.56%,-1.5561%
10/7/19,"2,938.79",-0.45%,-0.4478%
10/4/19,"2,952.01",1.42%,1.4217%
10/3/19,"2,910.63",0.80%,0.7972%
10/2/19,"2,887.61",-1.79%,-1.7903%
10/1/19,"2,940.25",-1.23%,-1.2258%
9/30/19,"2,976.74",0.50%,0.5048%
9/27/19,"2,961.79",-0.53%,-0.5316%
9/26/19,"2,977.62",-0.24%,-0.2429%
9/25/19,"2,984.87",0.62%,0.6159%
9/24/19,"2,966.60",-0.84%,-0.8416%
9/23/19,"2,991.78",-0.01%,-0.0097%
9/20/19,"2,992.07",-0.49%,-0.4896%
9/19/19,"3,006.79",0.00%,0.0020%
9/18/19,"3,006.73",0.03%,0.0343%
9/17/19,"3,005.70",0.26%,0.2582%
9/16/19,"2,997.96",-0.31%,-0.3136%
9/13/19,"3,007.39",-0.07%,-0.0724%
9/12/19,"3,009.57",0.29%,0.2879%
9/11/19,"3,000.93",0.72%,0.7230%
9/10/19,"2,979.39",0.03%,0.0322%
9/9/19,"2,978.43",-0.01%,-0.0094%
9/6/19,"2,978.71",0.09%,0.0911%
9/5/19,"2,976.00",1.30%,1.3010%
9/4/19,"2,937.78",1.08%,1.0842%
9/3/19,"2,906.27",-0.69%,-0.6899%
8/30/19,"2,926.46",0.06%,0.0643%
8/29/19,"2,924.58",1.27%,1.2687%
8/28/19,"2,887.94",0.65%,0.6545%
8/27/19,"2,869.16",-0.32%,-0.3203%
8/26/19,"2,878.38",1.10%,1.0983%
8/23/19,"2,847.11",-2.59%,-2.5946%
8/22/19,"2,922.95",-0.05%,-0.0506%
8/21/19,"2,924.43",0.82%,0.8247%
8/20/19,"2,900.51",-0.79%,-0.7915%
8/19/19,"2,923.65",1.21%,1.2106%
8/16/19,"2,888.68",1.44%,1.4426%
8/15/19,"2,847.60",0.25%,0.2464%
8/14/19,"2,840.60",-2.93%,-2.9293%
8/13/19,"2,926.32",1.48%,1.4762%
8/12/19,"2,883.75",-1.20%,-1.1958%
8/9/19,"2,918.65",-0.66%,-0.6617%
8/8/19,"2,938.09",1.88%,1.8762%
8/7/19,"2,883.98",0.08%,0.0767%
8/6/19,"2,881.77",1.30%,1.3017%
8/5/19,"2,844.74",-2.98%,-2.9778%
8/2/19,"2,932.05",-0.73%,-0.7283%
8/1/19,"2,953.56",-0.90%,-0.8999%
7/31/19,"2,980.38",-1.09%,-1.0886%
7/30/19,"3,013.18",-0.26%,-0.2579%
7/29/19,"3,020.97",-0.16%,-0.1616%
7/26/19,"3,025.86",0.74%,0.7388%
7/25/19,"3,003.67",-0.53%,-0.5262%
7/24/19,"3,019.56",0.47%,0.4688%
7/23/19,"3,005.47",0.68%,0.6848%
7/22/19,"2,985.03",0.28%,0.2829%
7/19/19,"2,976.61",-0.62%,-0.6177%
7/18/19,"2,995.11",0.36%,0.3582%
7/17/19,"2,984.42",-0.65%,-0.6531%
7/16/19,"3,004.04",-0.34%,-0.3404%
7/15/19,"3,014.30",0.02%,0.0176%
7/12/19,"3,013.77",0.46%,0.4620%
7/11/19,"2,999.91",0.23%,0.2285%
7/10/19,"2,993.07",0.45%,0.4511%
7/9/19,"2,979.63",0.12%,0.1237%
7/8/19,"2,975.95",-0.48%,-0.4835%
7/5/19,"2,990.41",-0.18%,-0.1806%
7/3/19,"2,995.82",0.77%,0.7672%
7/2/19,"2,973.01",0.29%,0.2928%
7/1/19,"2,964.33",0.77%,0.7672%
6/28/19,"2,941.76",0.58%,0.5757%
6/27/19,"2,924.92",0.38%,0.3823%
6/26/19,"2,913.78",-0.12%,-0.1234%
6/25/19,"2,917.38",-0.95%,-0.9496%
6/24/19,"2,945.35",-0.17%,-0.1732%
6/21/19,"2,950.46",-0.13%,-0.1259%
6/20/19,"2,954.18",0.95%,0.9472%
6/19/19,"2,926.46",0.30%,0.2985%
6/18/19,"2,917.75",0.97%,0.9717%
6/17/19,"2,889.67",0.09%,0.0932%
6/14/19,"2,886.98",-0.16%,-0.1612%
6/13/19,"2,891.64",0.41%,0.4097%
6/12/19,"2,879.84",-0.20%,-0.2038%
6/11/19,"2,885.72",-0.03%,-0.0350%
6/10/19,"2,886.73",0.47%,0.4660%
6/7/19,"2,873.34",1.05%,1.0498%
6/6/19,"2,843.49",0.61%,0.6136%
6/5/19,"2,826.15",0.82%,0.8162%
6/4/19,"2,803.27",2.14%,2.1432%
6/3/19,"2,744.45",-0.28%,-0.2765%
5/31/19,"2,752.06",-1.32%,-1.3195%
5/30/19,"2,788.86",0.21%,0.2098%
5/29/19,"2,783.02",-0.69%,-0.6912%
5/28/19,"2,802.39",-0.84%,-0.8376%
5/24/19,"2,826.06",0.14%,0.1354%
5/23/19,"2,822.24",-1.19%,-1.1914%
5/22/19,"2,856.27",-0.28%,-0.2824%
5/21/19,"2,864.36",0.85%,0.8496%
5/20/19,"2,840.23",-0.67%,-0.6749%
5/17/19,"2,859.53",-0.58%,-0.5837%
5/16/19,"2,876.32",0.89%,0.8895%
5/15/19,"2,850.96",0.58%,0.5839%
5/14/19,"2,834.41",0.80%,0.8016%
5/13/19,"2,811.87",-2.41%,-2.4131%
5/10/19,"2,881.40",0.37%,0.3720%
5/9/19,"2,870.72",-0.30%,-0.3021%
5/8/19,"2,879.42",-0.16%,-0.1605%
5/7/19,"2,884.05",-1.65%,-1.6512%
5/6/19,"2,932.47",-0.45%,-0.4471%
5/3/19,"2,945.64",0.96%,0.9638%
5/2/19,"2,917.52",-0.21%,-0.2124%
5/1/19,"2,923.73",-0.75%,-0.7502%
4/30/19,"2,945.83",0.10%,0.0951%
4/29/19,"2,943.03",0.11%,0.1071%
4/26/19,"2,939.88",0.47%,0.4685%
4/25/19,"2,926.17",-0.04%,-0.0369%
4/24/19,"2,927.25",-0.22%,-0.2192%
4/23/19,"2,933.68",0.88%,0.8841%
4/22/19,"2,907.97",0.10%,0.1012%
4/18/19,"2,905.03",0.16%,0.1579%
4/17/19,"2,900.45",-0.23%,-0.2274%
4/16/19,"2,907.06",0.05%,0.0509%
4/15/19,"2,905.58",-0.06%,-0.0629%
4/12/19,"2,907.41",0.66%,0.6609%
4/11/19,"2,888.32",0.00%,0.0038%
4/10/19,"2,888.21",0.35%,0.3478%
4/9/19,"2,878.20",-0.61%,-0.6067%
4/8/19,"2,895.77",0.10%,0.1047%
4/5/19,"2,892.74",0.46%,0.4636%
4/4/19,"2,879.39",0.21%,0.2085%
4/3/19,"2,873.40",0.21%,0.2148%
4/2/19,"2,867.24",0.00%,0.0017%
4/1/19,"2,867.19",1.16%,1.1569%
3/29/19,"2,834.40",0.67%,0.6734%
3/28/19,"2,815.44",0.36%,0.3590%
3/27/19,"2,805.37",-0.46%,-0.4644%
3/26/19,"2,818.46",0.72%,0.7183%
3/25/19,"2,798.36",-0.08%,-0.0839%
3/22/19,"2,800.71",-1.90%,-1.8975%
3/21/19,"2,854.88",1.09%,1.0853%
3/20/19,"2,824.23",-0.29%,-0.2944%
3/19/19,"2,832.57",-0.01%,-0.0131%
3/18/19,"2,832.94",0.37%,0.3706%
3/15/19,"2,822.48",0.50%,0.4985%
3/14/19,"2,808.48",-0.09%,-0.0868%
3/13/19,"2,810.92",0.69%,0.6950%
3/12/19,"2,791.52",0.30%,0.2953%
3/11/19,"2,783.30",1.47%,1.4666%
3/8/19,"2,743.07",-0.21%,-0.2132%
3/7/19,"2,748.93",-0.81%,-0.8126%
3/6/19,"2,771.45",-0.65%,-0.6524%
3/5/19,"2,789.65",-0.11%,-0.1131%
3/4/19,"2,792.81",-0.39%,-0.3881%
3/1/19,"2,803.69",0.69%,0.6895%
2/28/19,"2,784.49",-0.28%,-0.2826%
2/27/19,"2,792.38",-0.05%,-0.0544%
2/26/19,"2,793.90",-0.08%,-0.0790%
2/25/19,"2,796.11",0.12%,0.1232%
2/22/19,"2,792.67",0.64%,0.6411%
2/21/19,"2,774.88",-0.35%,-0.3526%
2/20/19,"2,784.70",0.18%,0.1777%
2/19/19,"2,779.76",0.15%,0.1499%
2/15/19,"2,775.60",1.09%,1.0879%
2/14/19,"2,745.73",-0.27%,-0.2652%
2/13/19,"2,753.03",0.30%,0.3024%
2/12/19,"2,744.73",1.29%,1.2890%
2/11/19,"2,709.80",0.07%,0.0709%
2/8/19,"2,707.88",0.07%,0.0676%
2/7/19,"2,706.05",-0.94%,-0.9357%
2/6/19,"2,731.61",-0.22%,-0.2224%
2/5/19,"2,737.70",0.47%,0.4708%
2/4/19,"2,724.87",0.68%,0.6776%
2/1/19,"2,706.53",0.09%,0.0899%
1/31/19,"2,704.10",0.86%,0.8597%
1/30/19,"2,681.05",1.55%,1.5549%
1/29/19,"2,640.00",-0.15%,-0.1456%
1/28/19,"2,643.85",-0.78%,-0.7847%
1/25/19,"2,664.76",0.85%,0.8489%
1/24/19,"2,642.33",0.14%,0.1376%
1/23/19,"2,638.70",0.22%,0.2203%
1/22/19,"2,632.90",-1.42%,-1.4157%
1/18/19,"2,670.71",1.32%,1.3183%
1/17/19,"2,635.96",0.76%,0.7591%
1/16/19,"2,616.10",0.22%,0.2222%
1/15/19,"2,610.30",1.07%,1.0722%
1/14/19,"2,582.61",-0.53%,-0.5258%
1/11/19,"2,596.26",-0.01%,-0.0146%
1/10/19,"2,596.64",0.45%,0.4518%
1/9/19,"2,584.96",0.41%,0.4098%
1/8/19,"2,574.41",0.97%,0.9695%
1/7/19,"2,549.69",0.70%,0.7010%
1/4/19,"2,531.94",3.43%,3.4336%
1/3/19,"2,447.89",-2.48%,-2.4757%
1/2/19,"2,510.03",0.13%,0.1269%
12/31/18,"2,506.85",0.85%,0.8492%
12/28/18,"2,485.74",-0.12%,-0.1242%
12/27/18,"2,488.83",0.86%,0.8563%
12/26/18,"2,467.70",4.96%,4.9594%
12/24/18,"2,351.10",-2.71%,-2.7112%
12/21/18,"2,416.62",-2.06%,-2.0588%
12/20/18,"2,467.42",-1.58%,-1.5772%
12/19/18,"2,506.96",-1.54%,-1.5396%
12/18/18,"2,546.16",0.01%,0.0086%
12/17/18,"2,545.94",-2.08%,-2.0773%
12/14/18,"2,599.95",-1.91%,-1.9087%
12/13/18,"2,650.54",-0.02%,-0.0200%
12/12/18,"2,651.07",0.54%,0.5419%
12/11/18,"2,636.78",-0.04%,-0.0356%
12/10/18,"2,637.72",0.18%,0.1762%
12/7/18,"2,633.08",-2.33%,-2.3320%
12/6/18,"2,695.95",-0.15%,-0.1522%
12/4/18,"2,700.06",-3.24%,-3.2365%
12/3/18,"2,790.37",1.09%,1.0941%
11/30/18,"2,760.17",0.82%,0.8186%
11/29/18,"2,737.76",-0.22%,-0.2198%
11/28/18,"2,743.79",2.30%,2.2974%
11/27/18,"2,682.17",0.33%,0.3262%
11/26/18,"2,673.45",1.55%,1.5532%
11/23/18,"2,632.56",-0.66%,-0.6555%
11/21/18,"2,649.93",0.30%,0.3043%
11/20/18,"2,641.89",-1.82%,-1.8151%
11/19/18,"2,690.73",-1.66%,-1.6643%
11/16/18,"2,736.27",0.22%,0.2223%
11/15/18,"2,730.20",1.06%,1.0594%
11/14/18,"2,701.58",-0.76%,-0.7567%
11/13/18,"2,722.18",-0.15%,-0.1482%
11/12/18,"2,726.22",-1.97%,-1.9701%
11/9/18,"2,781.01",-0.92%,-0.9199%
11/8/18,"2,806.83",-0.25%,-0.2509%
11/7/18,"2,813.89",2.12%,2.1209%
11/6/18,"2,755.45",0.63%,0.6259%
11/5/18,"2,738.31",0.56%,0.5600%
11/2/18,"2,723.06",-0.63%,-0.6317%
11/1/18,"2,740.37",1.06%,1.0558%
10/31/18,"2,711.74",1.09%,1.0851%
10/30/18,"2,682.63",1.57%,1.5667%
10/29/18,"2,641.25",-0.66%,-0.6560%
10/26/18,"2,658.69",-1.73%,-1.7327%
10/25/18,"2,705.57",1.86%,1.8625%
10/24/18,"2,656.10",-3.09%,-3.0864%
10/23/18,"2,740.69",-0.55%,-0.5512%
10/22/18,"2,755.88",-0.43%,-0.4299%
10/19/18,"2,767.78",-0.04%,-0.0361%
10/18/18,"2,768.78",-1.44%,-1.4392%
10/17/18,"2,809.21",-0.03%,-0.0253%
10/16/18,"2,809.92",2.15%,2.1496%
10/15/18,"2,750.79",-0.59%,-0.5905%
10/12/18,"2,767.13",1.42%,1.4206%
10/11/18,"2,728.37",-2.06%,-2.0573%
10/10/18,"2,785.68",-3.29%,-3.2864%
10/9/18,"2,880.34",-0.14%,-0.1418%
10/8/18,"2,884.43",-0.04%,-0.0395%
10/5/18,"2,885.57",-0.55%,-0.5528%
10/4/18,"2,901.61",-0.82%,-0.8170%
10/3/18,"2,925.51",0.07%,0.0711%
10/2/18,"2,923.43",-0.04%,-0.0397%
10/1/18,"2,924.59",0.36%,0.3641%
9/28/18,"2,913.98",0.00%,-0.0007%
9/27/18,"2,914.00",0.28%,0.2763%
9/26/18,"2,905.97",-0.33%,-0.3289%
9/25/18,"2,915.56",-0.13%,-0.1305%
9/24/18,"2,919.37",-0.35%,-0.3516%
9/21/18,"2,929.67",-0.04%,-0.0369%
9/20/18,"2,930.75",0.78%,0.7841%
9/19/18,"2,907.95",0.13%,0.1253%
9/18/18,"2,904.31",0.54%,0.5369%
9/17/18,"2,888.80",-0.56%,-0.5570%
9/14/18,"2,904.98",0.03%,0.0275%
9/13/18,"2,904.18",0.53%,0.5282%
9/12/18,"2,888.92",0.04%,0.0357%
9/11/18,"2,887.89",0.37%,0.3740%
9/10/18,"2,877.13",0.19%,0.1898%
9/7/18,"2,871.68",-0.22%,-0.2213%
9/6/18,"2,878.05",-0.37%,-0.3652%
9/5/18,"2,888.60",-0.28%,-0.2803%
9/4/18,"2,896.72",-0.17%,-0.1654%
8/31/18,"2,901.52",0.01%,0.0134%
8/30/18,"2,901.13",-0.44%,-0.4430%
8/29/18,"2,914.04",0.57%,0.5701%
8/28/18,"2,897.52",0.03%,0.0269%
8/27/18,"2,896.74",0.77%,0.7670%
8/24/18,"2,874.69",0.62%,0.6199%
8/23/18,"2,856.98",-0.17%,-0.1691%
8/22/18,"2,861.82",-0.04%,-0.0398%
8/21/18,"2,862.96",0.21%,0.2069%
8/20/18,"2,857.05",0.24%,0.2428%
8/17/18,"2,850.13",0.33%,0.3323%
8/16/18,"2,840.69",0.79%,0.7919%
8/15/18,"2,818.37",-0.76%,-0.7602%
8/14/18,"2,839.96",0.64%,0.6389%
8/13/18,"2,821.93",-0.40%,-0.4006%
8/10/18,"2,833.28",-0.71%,-0.7114%
8/9/18,"2,853.58",-0.14%,-0.1442%
8/8/18,"2,857.70",-0.03%,-0.0262%
8/7/18,"2,858.45",0.28%,0.2824%
8/6/18,"2,850.40",0.35%,0.3538%
8/3/18,"2,840.35",0.46%,0.4644%
8/2/18,"2,827.22",0.49%,0.4926%
8/1/18,"2,813.36",-0.10%,-0.1040%
7/31/18,"2,816.29",0.49%,0.4885%
7/30/18,"2,802.60",-0.58%,-0.5754%
7/27/18,"2,818.82",-0.66%,-0.6562%
7/26/18,"2,837.44",-0.30%,-0.3032%
7/25/18,"2,846.07",0.91%,0.9102%
7/24/18,"2,820.40",0.48%,0.4781%
7/23/18,"2,806.98",0.18%,0.1838%
7/20/18,"2,801.83",-0.09%,-0.0948%
7/19/18,"2,804.49",-0.40%,-0.3953%
7/18/18,"2,815.62",0.22%,0.2160%
7/17/18,"2,809.55",0.40%,0.3974%
7/16/18,"2,798.43",-0.10%,-0.1028%
7/13/18,"2,801.31",0.11%,0.1079%
7/12/18,"2,798.29",0.87%,0.8749%
7/11/18,"2,774.02",-0.71%,-0.7094%
7/10/18,"2,793.84",0.35%,0.3473%
7/9/18,"2,784.17",0.88%,0.8823%
7/6/18,"2,759.82",0.85%,0.8481%
7/5/18,"2,736.61",0.86%,0.8621%
7/3/18,"2,713.22",-0.49%,-0.4947%
7/2/18,"2,726.71",0.31%,0.3068%
6/29/18,"2,718.37",0.08%,0.0758%
6/28/18,"2,716.31",0.62%,0.6179%
6/27/18,"2,699.63",-0.86%,-0.8604%
6/26/18,"2,723.06",0.22%,0.2205%
6/25/18,"2,717.07",-1.37%,-1.3725%
6/22/18,"2,754.88",0.19%,0.1862%
6/21/18,"2,749.76",-0.63%,-0.6345%
6/20/18,"2,767.32",0.17%,0.1712%
6/19/18,"2,762.59",-0.40%,-0.4023%
6/18/18,"2,773.75",-0.21%,-0.2126%
6/15/18,"2,779.66",-0.10%,-0.1017%
6/14/18,"2,782.49",0.25%,0.2472%
6/13/18,"2,775.63",-0.40%,-0.4026%
6/12/18,"2,786.85",0.17%,0.1743%
6/11/18,"2,782.00",0.11%,0.1069%
6/8/18,"2,779.03",0.31%,0.3126%
6/7/18,"2,770.37",-0.07%,-0.0714%
6/6/18,"2,772.35",0.86%,0.8567%
6/5/18,"2,748.80",0.07%,0.0703%
6/4/18,"2,746.87",0.45%,0.4480%
6/1/18,"2,734.62",1.08%,1.0849%
5/31/18,"2,705.27",-0.69%,-0.6880%
5/30/18,"2,724.01",1.27%,1.2696%
5/29/18,"2,689.86",-1.16%,-1.1564%
5/25/18,"2,721.33",-0.24%,-0.2357%
5/24/18,"2,727.76",-0.20%,-0.2023%
5/23/18,"2,733.29",0.32%,0.3248%
5/22/18,"2,724.44",-0.31%,-0.3136%
5/21/18,"2,733.01",0.74%,0.7387%
5/18/18,"2,712.97",-0.26%,-0.2632%
5/17/18,"2,720.13",-0.09%,-0.0856%
5/16/18,"2,722.46",0.41%,0.4061%
5/15/18,"2,711.45",-0.68%,-0.6842%
5/14/18,"2,730.13",0.09%,0.0884%
5/11/18,"2,727.72",0.17%,0.1708%
5/10/18,"2,723.07",0.94%,0.9371%
5/9/18,"2,697.79",0.97%,0.9682%
5/8/18,"2,671.92",-0.03%,-0.0266%
5/7/18,"2,672.63",0.35%,0.3458%
5/4/18,"2,663.42",1.28%,1.2811%
5/3/18,"2,629.73",-0.23%,-0.2254%
5/2/18,"2,635.67",-0.72%,-0.7206%
5/1/18,"2,654.80",0.25%,0.2549%
4/30/18,"2,648.05",-0.82%,-0.8188%
4/27/18,"2,669.91",0.11%,0.1114%
4/26/18,"2,666.94",1.04%,1.0434%
4/25/18,"2,639.40",0.18%,0.1837%
4/24/18,"2,634.56",-1.34%,-1.3381%
4/23/18,"2,670.29",0.01%,0.0056%
4/20/18,"2,670.14",-0.85%,-0.8537%
4/19/18,"2,693.13",-0.57%,-0.5726%
4/18/18,"2,708.64",0.08%,0.0831%
4/17/18,"2,706.39",1.07%,1.0662%
4/16/18,"2,677.84",0.81%,0.8109%
4/13/18,"2,656.30",-0.29%,-0.2887%
4/12/18,"2,663.99",0.83%,0.8251%
4/11/18,"2,642.19",-0.55%,-0.5525%
4/10/18,"2,656.87",1.67%,1.6727%
4/9/18,"2,613.16",0.33%,0.3337%
4/6/18,"2,604.47",-2.19%,-2.1920%
4/5/18,"2,662.84",0.69%,0.6863%
4/4/18,"2,644.69",1.16%,1.1566%
4/3/18,"2,614.45",1.26%,1.2615%
4/2/18,"2,581.88",-2.23%,-2.2337%
3/29/18,"2,640.87",1.38%,1.3770%
3/28/18,"2,605.00",-0.29%,-0.2917%
3/27/18,"2,612.62",-1.73%,-1.7276%
3/26/18,"2,658.55",2.72%,2.7157%
3/23/18,"2,588.26",-2.10%,-2.0967%
3/22/18,"2,643.69",-2.52%,-2.5163%
3/21/18,"2,711.93",-0.18%,-0.1844%
3/20/18,"2,716.94",0.15%,0.1482%
3/19/18,"2,712.92",-1.42%,-1.4204%
3/16/18,"2,752.01",0.17%,0.1703%
3/15/18,"2,747.33",-0.08%,-0.0782%
3/14/18,"2,749.48",-0.57%,-0.5724%
3/13/18,"2,765.31",-0.64%,-0.6364%
3/12/18,"2,783.02",-0.13%,-0.1274%
3/9/18,"2,786.57",1.74%,1.7379%
3/8/18,"2,738.97",0.45%,0.4463%
3/7/18,"2,726.80",-0.05%,-0.0484%
3/6/18,"2,728.12",0.26%,0.2639%
3/5/18,"2,720.94",1.10%,1.1032%
3/2/18,"2,691.25",0.51%,0.5072%
3/1/18,"2,677.67",-1.33%,-1.3324%
2/28/18,"2,713.83",-1.11%,-1.1096%
2/27/18,"2,744.28",-1.27%,-1.2707%
2/26/18,"2,779.60",1.18%,1.1757%
2/23/18,"2,747.30",1.60%,1.6028%
2/22/18,"2,703.96",0.10%,0.0974%
2/21/18,"2,701.33",-0.55%,-0.5497%
2/20/18,"2,716.26",-0.58%,-0.5841%
2/16/18,"2,732.22",0.04%,0.0373%
2/15/18,"2,731.20",1.21%,1.2069%
2/14/18,"2,698.63",1.34%,1.3402%
2/13/18,"2,662.94",0.26%,0.2613%
2/12/18,"2,656.00",1.39%,1.3915%
2/9/18,"2,619.55",1.49%,1.4936%
2/8/18,"2,581.00",-3.75%,-3.7536%
2/7/18,"2,681.66",-0.50%,-0.5002%
2/6/18,"2,695.14",1.74%,1.7441%
2/5/18,"2,648.94",-4.10%,-4.0979%
2/2/18,"2,762.13",-2.12%,-2.1209%
2/1/18,"2,821.98",-0.06%,-0.0648%
1/31/18,"2,823.81",0.05%,0.0489%
1/30/18,"2,822.43",-1.09%,-1.0899%
1/29/18,"2,853.53",-0.67%,-0.6732%
1/26/18,"2,872.87",1.18%,1.1841%
1/25/18,"2,839.25",0.06%,0.0603%
1/24/18,"2,837.54",-0.06%,-0.0560%
1/23/18,"2,839.13",0.22%,0.2174%
1/22/18,"2,832.97",0.81%,0.8067%
1/19/18,"2,810.30",0.44%,0.4385%
1/18/18,"2,798.03",-0.16%,-0.1616%
1/17/18,"2,802.56",0.94%,0.9415%
1/16/18,"2,776.42",-0.35%,-0.3524%
1/12/18,"2,786.24",0.67%,0.6750%
1/11/18,"2,767.56",0.70%,0.7034%
1/10/18,"2,748.23",-0.11%,-0.1112%
1/9/18,"2,751.29",0.13%,0.1303%
1/8/18,"2,747.71",0.17%,0.1662%
1/5/18,"2,743.15",0.70%,0.7034%
1/4/18,"2,723.99",0.40%,0.4029%
1/3/18,"2,713.06",0.64%,0.6399%
1/2/18,"2,695.81",0.83%,0.8303%
12/29/17,"2,673.61",-0.52%,-0.5183%
12/28/17,"2,687.54",0.18%,0.1834%
12/27/17,"2,682.62",0.08%,0.0791%
12/26/17,"2,680.50",-0.11%,-0.1058%
12/22/17,"2,683.34",-0.05%,-0.0458%
12/21/17,"2,684.57",0.20%,0.1986%
12/20/17,"2,679.25",-0.08%,-0.0828%
12/19/17,"2,681.47",-0.32%,-0.3230%
12/18/17,"2,690.16",0.54%,0.5363%
12/15/17,"2,675.81",0.90%,0.8974%
12/14/17,"2,652.01",-0.41%,-0.4071%
12/13/17,"2,662.85",-0.05%,-0.0473%
12/12/17,"2,664.11",0.15%,0.1549%
12/11/17,"2,659.99",0.32%,0.3202%
12/8/17,"2,651.50",0.55%,0.5506%
12/7/17,"2,636.98",0.29%,0.2932%
12/6/17,"2,629.27",-0.01%,-0.0114%
12/5/17,"2,629.57",-0.37%,-0.3739%
12/4/17,"2,639.44",-0.11%,-0.1052%
12/1/17,"2,642.22",-0.20%,-0.2024%
11/30/17,"2,647.58",0.82%,0.8191%
11/29/17,"2,626.07",-0.04%,-0.0369%
11/28/17,"2,627.04",0.98%,0.9848%
11/27/17,"2,601.42",-0.04%,-0.0384%
11/24/17,"2,602.42",0.21%,0.2056%
11/22/17,"2,597.08",-0.08%,-0.0750%
11/21/17,"2,599.03",0.65%,0.6541%
11/20/17,"2,582.14",0.13%,0.1276%
11/17/17,"2,578.85",-0.26%,-0.2626%
11/16/17,"2,585.64",0.82%,0.8196%
11/15/17,"2,564.62",-0.55%,-0.5526%
11/14/17,"2,578.87",-0.23%,-0.2310%
11/13/17,"2,584.84",0.10%,0.0984%
11/10/17,"2,582.30",-0.09%,-0.0898%
11/9/17,"2,584.62",-0.38%,-0.3762%
11/8/17,"2,594.38",0.14%,0.1444%
11/7/17,"2,590.64",-0.02%,-0.0189%
11/6/17,"2,591.13",0.13%,0.1271%
11/3/17,"2,587.84",0.31%,0.3097%
11/2/17,"2,579.85",0.02%,0.0190%
11/1/17,"2,579.36",0.16%,0.1592%
10/31/17,"2,575.26",0.09%,0.0944%
10/30/17,"2,572.83",-0.32%,-0.3192%
10/27/17,"2,581.07",0.81%,0.8073%
10/26/17,"2,560.40",0.13%,0.1271%
10/25/17,"2,557.15",-0.47%,-0.4663%
10/24/17,"2,569.13",0.16%,0.1618%
10/23/17,"2,564.98",-0.40%,-0.3972%
10/20/17,"2,575.21",0.51%,0.5117%
10/19/17,"2,562.10",0.03%,0.0328%
10/18/17,"2,561.26",0.07%,0.0742%
10/17/17,"2,559.36",0.07%,0.0672%
10/16/17,"2,557.64",0.18%,0.1751%
10/13/17,"2,553.17",0.09%,0.0878%
10/12/17,"2,550.93",-0.17%,-0.1687%
10/11/17,"2,555.24",0.18%,0.1803%
10/10/17,"2,550.64",0.23%,0.2322%
10/9/17,"2,544.73",-0.18%,-0.1804%
10/6/17,"2,549.33",-0.11%,-0.1074%
10/5/17,"2,552.07",0.56%,0.5647%
10/4/17,"2,537.74",0.12%,0.1247%
10/3/17,"2,534.58",0.22%,0.2159%
10/2/17,"2,529.12",0.39%,0.3874%
9/29/17,"2,519.36",0.37%,0.3705%
9/28/17,"2,510.06",0.12%,0.1205%
9/27/17,"2,507.04",0.41%,0.4085%
9/26/17,"2,496.84",0.01%,0.0072%
9/25/17,"2,496.66",-0.22%,-0.2222%
9/22/17,"2,502.22",0.06%,0.0648%
9/21/17,"2,500.60",-0.30%,-0.3046%
9/20/17,"2,508.24",0.06%,0.0634%
9/19/17,"2,506.65",0.11%,0.1110%
9/18/17,"2,503.87",0.15%,0.1456%
9/15/17,"2,500.23",0.18%,0.1847%
9/14/17,"2,495.62",-0.11%,-0.1101%
9/13/17,"2,498.37",0.08%,0.0757%
9/12/17,"2,496.48",0.34%,0.3364%
9/11/17,"2,488.11",1.08%,1.0839%
9/8/17,"2,461.43",-0.15%,-0.1489%
9/7/17,"2,465.10",-0.02%,-0.0178%
9/6/17,"2,465.54",0.31%,0.3129%
9/5/17,"2,457.85",-0.76%,-0.7551%
9/1/17,"2,476.55",0.20%,0.1982%
8/31/17,"2,471.65",0.57%,0.5721%
8/30/17,"2,457.59",0.46%,0.4615%
8/29/17,"2,446.30",0.08%,0.0843%
8/28/17,"2,444.24",0.05%,0.0487%
8/25/17,"2,443.05",0.17%,0.1673%
8/24/17,"2,438.97",-0.21%,-0.2074%
8/23/17,"2,444.04",-0.35%,-0.3454%
8/22/17,"2,452.51",0.99%,0.9941%
8/21/17,"2,428.37",0.12%,0.1163%
8/18/17,"2,425.55",-0.18%,-0.1835%
8/17/17,"2,430.01",-1.54%,-1.5437%
8/16/17,"2,468.11",0.14%,0.1420%
8/15/17,"2,464.61",-0.05%,-0.0499%
8/14/17,"2,465.84",1.00%,1.0044%
8/11/17,"2,441.32",0.13%,0.1276%
8/10/17,"2,438.21",-1.45%,-1.4474%
8/9/17,"2,474.02",-0.04%,-0.0364%
8/8/17,"2,474.92",-0.24%,-0.2414%
8/7/17,"2,480.91",0.16%,0.1647%
8/4/17,"2,476.83",0.19%,0.1889%
8/3/17,"2,472.16",-0.22%,-0.2184%
8/2/17,"2,477.57",0.05%,0.0493%
8/1/17,"2,476.35",0.24%,0.2449%
7/31/17,"2,470.30",-0.07%,-0.0728%
7/28/17,"2,472.10",-0.13%,-0.1341%
7/27/17,"2,475.42",-0.10%,-0.0973%
7/26/17,"2,477.83",0.03%,0.0283%
7/25/17,"2,477.13",0.29%,0.2923%
7/24/17,"2,469.91",-0.11%,-0.1064%
7/21/17,"2,472.54",-0.04%,-0.0368%
7/20/17,"2,473.45",-0.02%,-0.0154%
7/19/17,"2,473.83",0.54%,0.5373%
7/18/17,"2,460.61",0.06%,0.0598%
7/17/17,"2,459.14",-0.01%,-0.0053%
7/14/17,"2,459.27",0.47%,0.4674%
7/13/17,"2,447.83",0.19%,0.1875%
7/12/17,"2,443.25",0.73%,0.7306%
7/11/17,"2,425.53",-0.08%,-0.0783%
7/10/17,"2,427.43",0.09%,0.0928%
7/7/17,"2,425.18",0.64%,0.6403%
7/6/17,"2,409.75",-0.94%,-0.9369%
7/5/17,"2,432.54",0.15%,0.1453%
7/3/17,"2,429.01",0.23%,0.2311%
6/30/17,"2,423.41",0.15%,0.1533%
6/29/17,"2,419.70",-0.86%,-0.8600%
6/28/17,"2,440.69",0.88%,0.8808%
6/27/17,"2,419.38",-0.81%,-0.8073%
6/26/17,"2,439.07",0.03%,0.0316%
6/23/17,"2,438.30",0.16%,0.1561%
6/22/17,"2,434.50",-0.05%,-0.0456%
6/21/17,"2,435.61",-0.06%,-0.0583%
6/20/17,"2,437.03",-0.67%,-0.6697%
6/19/17,"2,453.46",0.83%,0.8347%
6/16/17,"2,433.15",0.03%,0.0284%
6/15/17,"2,432.46",-0.22%,-0.2240%
6/14/17,"2,437.92",-0.10%,-0.0996%
6/13/17,"2,440.35",0.45%,0.4511%
6/12/17,"2,429.39",-0.10%,-0.0979%
6/9/17,"2,431.77",-0.08%,-0.0830%
6/8/17,"2,433.79",0.03%,0.0267%
6/7/17,"2,433.14",0.16%,0.1568%
6/6/17,"2,429.33",-0.28%,-0.2779%
6/5/17,"2,436.10",-0.12%,-0.1218%
6/2/17,"2,439.07",0.37%,0.3708%
6/1/17,"2,430.06",0.76%,0.7571%
5/31/17,"2,411.80",-0.05%,-0.0460%
5/30/17,"2,412.91",-0.12%,-0.1205%
5/26/17,"2,415.82",0.03%,0.0311%
5/25/17,"2,415.07",0.44%,0.4442%
5/24/17,"2,404.39",0.25%,0.2489%
5/23/17,"2,398.42",0.18%,0.1838%
5/22/17,"2,394.02",0.52%,0.5160%
5/19/17,"2,381.73",0.68%,0.6767%
5/18/17,"2,365.72",0.37%,0.3687%
5/17/17,"2,357.03",-1.82%,-1.8178%
5/16/17,"2,400.67",-0.07%,-0.0687%
5/15/17,"2,402.32",0.48%,0.4776%
5/12/17,"2,390.90",-0.15%,-0.1478%
5/11/17,"2,394.44",-0.22%,-0.2163%
5/10/17,"2,399.63",0.11%,0.1131%
5/9/17,"2,396.92",-0.10%,-0.1025%
5/8/17,"2,399.38",0.00%,0.0038%
5/5/17,"2,399.29",0.41%,0.4089%
5/4/17,"2,389.52",0.06%,0.0582%
5/3/17,"2,388.13",-0.13%,-0.1271%
5/2/17,"2,391.17",0.12%,0.1189%
5/1/17,"2,388.33",0.17%,0.1732%
4/28/17,"2,384.20",-0.19%,-0.1913%
4/27/17,"2,388.77",0.06%,0.0553%
4/26/17,"2,387.45",-0.05%,-0.0486%
4/25/17,"2,388.61",0.61%,0.6091%
4/24/17,"2,374.15",1.08%,1.0840%
4/21/17,"2,348.69",-0.30%,-0.3035%
4/20/17,"2,355.84",0.76%,0.7557%
4/19/17,"2,338.17",-0.17%,-0.1716%
4/18/17,"2,342.19",-0.29%,-0.2903%
4/17/17,"2,349.01",0.86%,0.8613%
4/13/17,"2,328.95",-0.68%,-0.6815%
4/12/17,"2,344.93",-0.38%,-0.3760%
4/11/17,"2,353.78",-0.14%,-0.1434%
4/10/17,"2,357.16",0.07%,0.0688%
4/7/17,"2,355.54",-0.08%,-0.0827%
4/6/17,"2,357.49",0.19%,0.1929%
4/5/17,"2,352.95",-0.31%,-0.3055%
4/4/17,"2,360.16",0.06%,0.0560%
4/3/17,"2,358.84",-0.16%,-0.1642%
3/31/17,"2,362.72",-0.23%,-0.2255%
3/30/17,"2,368.06",0.29%,0.2935%
3/29/17,"2,361.13",0.11%,0.1085%
3/28/17,"2,358.57",0.73%,0.7251%
3/27/17,"2,341.59",-0.10%,-0.1020%
3/24/17,"2,343.98",-0.08%,-0.0844%
3/23/17,"2,345.96",-0.11%,-0.1060%
3/22/17,"2,348.45",0.19%,0.1890%
3/21/17,"2,344.02",-1.24%,-1.2408%
3/20/17,"2,373.47",-0.20%,-0.2010%
3/17/17,"2,378.25",-0.13%,-0.1314%
3/16/17,"2,381.38",-0.16%,-0.1627%
3/15/17,"2,385.26",0.84%,0.8375%
3/14/17,"2,365.45",-0.34%,-0.3379%
3/13/17,"2,373.47",0.04%,0.0367%
3/10/17,"2,372.60",0.33%,0.3269%
3/9/17,"2,364.87",0.08%,0.0800%
3/8/17,"2,362.98",-0.23%,-0.2284%
3/7/17,"2,368.39",-0.29%,-0.2913%
3/6/17,"2,375.31",-0.33%,-0.3277%
3/3/17,"2,383.12",0.05%,0.0504%
3/2/17,"2,381.92",-0.59%,-0.5860%
3/1/17,"2,395.96",1.37%,1.3674%
2/28/17,"2,363.64",-0.26%,-0.2578%
2/27/17,"2,369.75",0.10%,0.1018%
2/24/17,"2,367.34",0.15%,0.1493%
2/23/17,"2,363.81",0.04%,0.0419%
2/22/17,"2,362.82",-0.11%,-0.1082%
2/21/17,"2,365.38",0.60%,0.6048%
2/17/17,"2,351.16",0.17%,0.1679%
2/16/17,"2,347.22",-0.09%,-0.0864%
2/15/17,"2,349.25",0.50%,0.4992%
2/14/17,"2,337.58",0.40%,0.4007%
2/13/17,"2,328.25",0.52%,0.5246%
2/10/17,"2,316.10",0.36%,0.3566%
2/9/17,"2,307.87",0.58%,0.5752%
2/8/17,"2,294.67",0.07%,0.0693%
2/7/17,"2,293.08",0.02%,0.0227%
2/6/17,"2,292.56",-0.21%,-0.2115%
2/3/17,"2,297.42",0.73%,0.7265%
2/2/17,"2,280.85",0.06%,0.0570%
2/1/17,"2,279.55",0.03%,0.0298%
1/31/17,"2,278.87",-0.09%,-0.0890%
1/30/17,"2,280.90",-0.60%,-0.6010%
1/27/17,"2,294.69",-0.09%,-0.0866%
1/26/17,"2,296.68",-0.07%,-0.0735%
1/25/17,"2,298.37",0.80%,0.8026%
1/24/17,"2,280.07",0.66%,0.6565%
1/23/17,"2,265.20",-0.27%,-0.2690%
1/20/17,"2,271.31",0.34%,0.3366%
1/19/17,"2,263.69",-0.36%,-0.3609%
1/18/17,"2,271.89",0.18%,0.1764%
1/17/17,"2,267.89",-0.30%,-0.2968%
1/13/17,"2,274.64",0.18%,0.1850%
1/12/17,"2,270.44",-0.21%,-0.2145%
1/11/17,"2,275.32",0.28%,0.2830%
1/10/17,"2,268.90",0.00%,0.0000%
1/9/17,"2,268.90",-0.35%,-0.3549%
1/6/17,"2,276.98",0.35%,0.3517%
1/5/17,"2,269.00",-0.08%,-0.0771%
1/4/17,"2,270.75",0.57%,0.5722%
1/3/17,"2,257.83",0.85%,0.8487%
12/30/16,"2,238.83",-0.46%,-0.4637%
12/29/16,"2,249.26",-0.03%,-0.0293%
12/28/16,"2,249.92",-0.84%,-0.8357%
12/27/16,"2,268.88",0.22%,0.2248%
12/23/16,"2,263.79",0.13%,0.1252%
12/22/16,"2,260.96",-0.19%,-0.1863%
12/21/16,"2,265.18",-0.25%,-0.2457%
12/20/16,"2,270.76",0.36%,0.3638%
12/19/16,"2,262.53",0.20%,0.1975%
12/16/16,"2,258.07",-0.18%,-0.1751%
12/15/16,"2,262.03",0.39%,0.3883%
12/14/16,"2,253.28",-0.81%,-0.8117%
12/13/16,"2,271.72",0.65%,0.6540%
12/12/16,"2,256.96",-0.11%,-0.1137%
12/9/16,"2,259.53",0.59%,0.5939%
12/8/16,"2,246.19",0.22%,0.2159%
12/7/16,"2,241.35",1.32%,1.3163%
12/6/16,"2,212.23",0.34%,0.3411%
12/5/16,"2,204.71",0.58%,0.5821%
12/2/16,"2,191.95",0.04%,0.0397%
12/1/16,"2,191.08",-0.35%,-0.3516%
11/30/16,"2,198.81",-0.27%,-0.2653%
11/29/16,"2,204.66",0.13%,0.1335%
11/28/16,"2,201.72",-0.53%,-0.5254%
11/25/16,"2,213.35",0.39%,0.3914%
11/23/16,"2,204.72",0.08%,0.0808%
11/22/16,"2,202.94",0.22%,0.2165%
11/21/16,"2,198.18",0.75%,0.7461%
11/18/16,"2,181.90",-0.24%,-0.2387%
11/17/16,"2,187.12",0.47%,0.4676%
11/16/16,"2,176.94",-0.16%,-0.1582%
11/15/16,"2,180.39",0.75%,0.7481%
11/14/16,"2,164.20",-0.01%,-0.0116%
11/11/16,"2,164.45",-0.14%,-0.1398%
11/10/16,"2,167.48",0.20%,0.1951%
11/9/16,"2,163.26",1.11%,1.1077%
11/8/16,"2,139.56",0.38%,0.3772%
11/7/16,"2,131.52",2.22%,2.2224%
11/4/16,"2,085.18",-0.17%,-0.1666%
11/3/16,"2,088.66",-0.44%,-0.4423%
11/2/16,"2,097.94",-0.65%,-0.6525%
11/1/16,"2,111.72",-0.68%,-0.6787%
10/31/16,"2,126.15",-0.01%,-0.0122%
10/28/16,"2,126.41",-0.31%,-0.3108%
10/27/16,"2,133.04",-0.30%,-0.2987%
10/26/16,"2,139.43",-0.17%,-0.1740%
10/25/16,"2,143.16",-0.38%,-0.3798%
10/24/16,"2,151.33",0.47%,0.4750%
10/21/16,"2,141.16",-0.01%,-0.0084%
10/20/16,"2,141.34",-0.14%,-0.1376%
10/19/16,"2,144.29",0.22%,0.2192%
10/18/16,"2,139.60",0.62%,0.6160%
10/17/16,"2,126.50",-0.30%,-0.3038%
10/14/16,"2,132.98",0.02%,0.0202%
10/13/16,"2,132.55",-0.31%,-0.3099%
10/12/16,"2,139.18",0.11%,0.1147%
10/11/16,"2,136.73",-1.24%,-1.2447%
10/10/16,"2,163.66",0.46%,0.4606%
10/7/16,"2,153.74",-0.33%,-0.3253%
10/6/16,"2,160.77",0.05%,0.0482%
10/5/16,"2,159.73",0.43%,0.4297%
10/4/16,"2,150.49",-0.50%,-0.4956%
10/3/16,"2,161.20",-0.33%,-0.3261%
9/30/16,"2,168.27",0.80%,0.7968%
9/29/16,"2,151.13",-0.93%,-0.9321%
9/28/16,"2,171.37",0.53%,0.5296%
9/27/16,"2,159.93",0.64%,0.6444%
9/26/16,"2,146.10",-0.86%,-0.8588%
9/23/16,"2,164.69",-0.57%,-0.5737%
9/22/16,"2,177.18",0.65%,0.6500%
9/21/16,"2,163.12",1.09%,1.0917%
9/20/16,"2,139.76",0.03%,0.0299%
9/19/16,"2,139.12",0.00%,-0.0019%
9/16/16,"2,139.16",-0.38%,-0.3772%
9/15/16,"2,147.26",1.01%,1.0109%
9/14/16,"2,125.77",-0.06%,-0.0588%
9/13/16,"2,127.02",-1.48%,-1.4831%
9/12/16,"2,159.04",1.47%,1.4677%
9/9/16,"2,127.81",-2.45%,-2.4522%
9/8/16,"2,181.30",-0.22%,-0.2223%
9/7/16,"2,186.16",-0.01%,-0.0146%
9/6/16,"2,186.48",0.30%,0.2982%
9/2/16,"2,179.98",0.42%,0.4201%
9/1/16,"2,170.86",0.00%,-0.0041%
8/31/16,"2,170.95",-0.24%,-0.2376%
8/30/16,"2,176.12",-0.20%,-0.1954%
8/29/16,"2,180.38",0.52%,0.5228%
8/26/16,"2,169.04",-0.16%,-0.1579%
8/25/16,"2,172.47",-0.14%,-0.1365%
8/24/16,"2,175.44",-0.52%,-0.5240%
8/23/16,"2,186.90",0.20%,0.1952%
8/22/16,"2,182.64",-0.06%,-0.0563%
8/19/16,"2,183.87",-0.14%,-0.1440%
8/18/16,"2,187.02",0.22%,0.2200%
8/17/16,"2,182.22",0.19%,0.1869%
8/16/16,"2,178.15",-0.55%,-0.5479%
8/15/16,"2,190.15",0.28%,0.2793%
8/12/16,"2,184.05",-0.08%,-0.0796%
8/11/16,"2,185.79",0.47%,0.4735%
8/10/16,"2,175.49",-0.29%,-0.2865%
8/9/16,"2,181.74",0.04%,0.0390%
8/8/16,"2,180.89",-0.09%,-0.0907%
8/5/16,"2,182.87",0.86%,0.8603%
8/4/16,"2,164.25",0.02%,0.0213%
8/3/16,"2,163.79",0.31%,0.3134%
8/2/16,"2,157.03",-0.64%,-0.6362%
8/1/16,"2,170.84",-0.13%,-0.1270%
7/29/16,"2,173.60",0.16%,0.1631%
7/28/16,"2,170.06",0.16%,0.1606%
7/27/16,"2,166.58",-0.12%,-0.1199%
7/26/16,"2,169.18",0.03%,0.0323%
7/25/16,"2,168.48",-0.30%,-0.3011%
7/22/16,"2,175.03",0.46%,0.4554%
7/21/16,"2,165.17",-0.36%,-0.3612%
7/20/16,"2,173.02",0.43%,0.4270%
7/19/16,"2,163.78",-0.14%,-0.1435%
7/18/16,"2,166.89",0.24%,0.2382%
7/15/16,"2,161.74",-0.09%,-0.0929%
7/14/16,"2,163.75",0.53%,0.5259%
7/13/16,"2,152.43",0.01%,0.0135%
7/12/16,"2,152.14",0.70%,0.7009%
7/11/16,"2,137.16",0.34%,0.3409%
7/8/16,"2,129.90",1.53%,1.5253%
7/7/16,"2,097.90",-0.09%,-0.0872%
7/6/16,"2,099.73",0.54%,0.5353%
7/5/16,"2,088.55",-0.68%,-0.6848%
7/1/16,"2,102.95",0.19%,0.1949%
6/30/16,"2,098.86",1.36%,1.3565%
6/29/16,"2,070.77",1.70%,1.7033%
6/28/16,"2,036.09",1.78%,1.7770%
6/27/16,"2,000.54",-1.81%,-1.8097%
6/24/16,"2,037.41",-3.59%,-3.5920%
6/23/16,"2,113.32",1.34%,1.3364%
6/22/16,"2,085.45",-0.17%,-0.1652%
6/21/16,"2,088.90",0.27%,0.2712%
6/20/16,"2,083.25",0.58%,0.5808%
6/17/16,"2,071.22",-0.33%,-0.3258%
6/16/16,"2,077.99",0.31%,0.3133%
6/15/16,"2,071.50",-0.18%,-0.1841%
6/14/16,"2,075.32",-0.18%,-0.1799%
6/13/16,"2,079.06",-0.81%,-0.8115%
6/10/16,"2,096.07",-0.92%,-0.9175%
6/9/16,"2,115.48",-0.17%,-0.1718%
6/8/16,"2,119.12",0.33%,0.3309%
6/7/16,"2,112.13",0.13%,0.1289%
6/6/16,"2,109.41",0.49%,0.4897%
6/3/16,"2,099.13",-0.29%,-0.2912%
6/2/16,"2,105.26",0.28%,0.2825%
6/1/16,"2,099.33",0.11%,0.1130%
5/31/16,"2,096.96",-0.10%,-0.1000%
5/27/16,"2,099.06",0.43%,0.4287%
5/26/16,"2,090.10",-0.02%,-0.0210%
5/25/16,"2,090.54",0.70%,0.6975%
5/24/16,"2,076.06",1.37%,1.3681%
5/23/16,"2,048.04",-0.21%,-0.2085%
5/20/16,"2,052.32",0.60%,0.6019%
5/19/16,"2,040.04",-0.37%,-0.3707%
5/18/16,"2,047.63",0.02%,0.0205%
5/17/16,"2,047.21",-0.94%,-0.9411%
5/16/16,"2,066.66",0.98%,0.9797%
5/13/16,"2,046.61",-0.85%,-0.8478%
5/12/16,"2,064.11",-0.02%,-0.0170%
5/11/16,"2,064.46",-0.96%,-0.9562%
5/10/16,"2,084.39",1.25%,1.2484%
5/9/16,"2,058.69",0.08%,0.0753%
5/6/16,"2,057.14",0.32%,0.3175%
5/5/16,"2,050.63",-0.02%,-0.0239%
5/4/16,"2,051.12",-0.59%,-0.5937%
5/3/16,"2,063.37",-0.87%,-0.8677%
5/2/16,"2,081.43",0.78%,0.7810%
4/29/16,"2,065.30",-0.51%,-0.5063%
4/28/16,"2,075.81",-0.92%,-0.9231%
4/27/16,"2,095.15",0.16%,0.1649%
4/26/16,"2,091.70",0.19%,0.1873%
4/25/16,"2,087.79",-0.18%,-0.1812%
4/22/16,"2,091.58",0.00%,0.0048%
4/21/16,"2,091.48",-0.52%,-0.5194%
4/20/16,"2,102.40",0.08%,0.0762%
4/19/16,"2,100.80",0.31%,0.3085%
4/18/16,"2,094.34",0.65%,0.6541%
4/15/16,"2,080.73",-0.10%,-0.0984%
4/14/16,"2,082.78",0.02%,0.0173%
4/13/16,"2,082.42",1.00%,1.0040%
4/12/16,"2,061.72",0.97%,0.9662%
4/11/16,"2,041.99",-0.27%,-0.2740%
4/8/16,"2,047.60",0.28%,0.2787%
4/7/16,"2,041.91",-1.20%,-1.1976%
4/6/16,"2,066.66",1.05%,1.0508%
4/5/16,"2,045.17",-1.01%,-1.0145%
4/4/16,"2,066.13",-0.32%,-0.3208%
4/1/16,"2,072.78",0.63%,0.6331%
3/31/16,"2,059.74",-0.20%,-0.2040%
3/30/16,"2,063.95",0.44%,0.4350%
3/29/16,"2,055.01",0.88%,0.8817%
3/28/16,"2,037.05",0.05%,0.0545%
3/24/16,"2,035.94",-0.04%,-0.0378%
3/23/16,"2,036.71",-0.64%,-0.6386%
3/22/16,"2,049.80",-0.09%,-0.0877%
3/21/16,"2,051.60",0.10%,0.0986%
3/18/16,"2,049.58",0.44%,0.4406%
3/17/16,"2,040.59",0.66%,0.6595%
3/16/16,"2,027.22",0.56%,0.5600%
3/15/16,"2,015.93",-0.18%,-0.1837%
3/14/16,"2,019.64",-0.13%,-0.1261%
3/11/16,"2,022.19",1.64%,1.6396%
3/10/16,"1,989.57",0.02%,0.0156%
3/9/16,"1,989.26",0.51%,0.5052%
3/8/16,"1,979.26",-1.12%,-1.1240%
3/7/16,"2,001.76",0.09%,0.0885%
3/4/16,"1,999.99",0.33%,0.3306%
3/3/16,"1,993.40",0.35%,0.3499%
3/2/16,"1,986.45",0.41%,0.4094%
3/1/16,"1,978.35",2.39%,2.3869%
2/29/16,"1,932.23",-0.81%,-0.8121%
2/26/16,"1,948.05",-0.19%,-0.1870%
2/25/16,"1,951.70",1.13%,1.1348%
2/24/16,"1,929.80",0.44%,0.4440%
2/23/16,"1,921.27",-1.25%,-1.2454%
2/22/16,"1,945.50",1.45%,1.4454%
2/19/16,"1,917.78",0.00%,-0.0026%
2/18/16,"1,917.83",-0.47%,-0.4666%
2/17/16,"1,926.82",1.65%,1.6480%
2/16/16,"1,895.58",1.65%,1.6517%
2/12/16,"1,864.78",1.95%,1.9518%
2/11/16,"1,829.08",-1.23%,-1.2301%
2/10/16,"1,851.86",-0.02%,-0.0189%
2/9/16,"1,852.21",-0.07%,-0.0664%
2/8/16,"1,853.44",-1.42%,-1.4154%
2/5/16,"1,880.05",-1.85%,-1.8481%
2/4/16,"1,915.45",0.15%,0.1527%
2/3/16,"1,912.53",0.50%,0.4992%
2/2/16,"1,903.03",-1.87%,-1.8743%
2/1/16,"1,939.38",-0.04%,-0.0443%
1/29/16,"1,940.24",2.48%,2.4760%
1/28/16,"1,893.36",0.55%,0.5529%
1/27/16,"1,882.95",-1.09%,-1.0863%
1/26/16,"1,903.63",1.41%,1.4144%
1/25/16,"1,877.08",-1.56%,-1.5638%
1/22/16,"1,906.90",2.03%,2.0284%
1/21/16,"1,868.99",0.52%,0.5195%
1/20/16,"1,859.33",-1.17%,-1.1694%
1/19/16,"1,881.33",0.05%,0.0532%
1/15/16,"1,880.33",-2.16%,-2.1599%
1/14/16,"1,921.84",1.67%,1.6696%
1/13/16,"1,890.28",-2.50%,-2.4965%
1/12/16,"1,938.68",0.78%,0.7803%
1/11/16,"1,923.67",0.09%,0.0853%
1/8/16,"1,922.03",-1.08%,-1.0838%
1/7/16,"1,943.09",-2.37%,-2.3700%
1/6/16,"1,990.26",-1.31%,-1.3115%
1/5/16,"2,016.71",0.20%,0.2012%
1/4/16,"2,012.66",-1.53%,-1.5304%
12/31/15,"2,043.94",-0.94%,-0.9412%
12/30/15,"2,063.36",-0.72%,-0.7217%
12/29/15,"2,078.36",1.06%,1.0630%
12/28/15,"2,056.50",-0.22%,-0.2179%
12/24/15,"2,060.99",-0.16%,-0.1599%
12/23/15,"2,064.29",1.24%,1.2418%
12/22/15,"2,038.97",0.88%,0.8817%
12/21/15,"2,021.15",0.78%,0.7778%
12/18/15,"2,005.55",-1.78%,-1.7797%
12/17/15,"2,041.89",-1.50%,-1.5040%
12/16/15,"2,073.07",1.45%,1.4515%
12/15/15,"2,043.41",1.06%,1.0619%
12/14/15,"2,021.94",0.48%,0.4756%
12/11/15,"2,012.37",-1.94%,-1.9423%
12/10/15,"2,052.23",0.23%,0.2251%
12/9/15,"2,047.62",-0.77%,-0.7739%
12/8/15,"2,063.59",-0.65%,-0.6490%
12/7/15,"2,077.07",-0.70%,-0.6990%
12/4/15,"2,091.69",2.05%,2.0526%
12/3/15,"2,049.62",-1.44%,-1.4374%
12/2/15,"2,079.51",-1.10%,-1.0996%
12/1/15,"2,102.63",1.07%,1.0681%
11/30/15,"2,080.41",-0.46%,-0.4641%
11/27/15,"2,090.11",0.06%,0.0594%
11/25/15,"2,088.87",-0.01%,-0.0129%
11/24/15,"2,089.14",0.12%,0.1222%
11/23/15,"2,086.59",-0.12%,-0.1235%
11/20/15,"2,089.17",0.38%,0.3810%
11/19/15,"2,081.24",-0.11%,-0.1123%
11/18/15,"2,083.58",1.62%,1.6162%
11/17/15,"2,050.44",-0.13%,-0.1339%
11/16/15,"2,053.19",1.49%,1.4903%
11/13/15,"2,023.04",-1.12%,-1.1207%
11/12/15,"2,045.97",-1.40%,-1.3990%
11/11/15,"2,075.00",-0.32%,-0.3228%
11/10/15,"2,081.72",0.15%,0.1511%
11/9/15,"2,078.58",-0.98%,-0.9823%
11/6/15,"2,099.20",-0.03%,-0.0348%
11/5/15,"2,099.93",-0.11%,-0.1132%
11/4/15,"2,102.31",-0.35%,-0.3545%
11/3/15,"2,109.79",0.27%,0.2728%
11/2/15,"2,104.05",1.19%,1.1874%
10/30/15,"2,079.36",-0.48%,-0.4810%
10/29/15,"2,089.41",-0.04%,-0.0450%
10/28/15,"2,090.35",1.18%,1.1840%
10/27/15,"2,065.89",-0.26%,-0.2554%
10/26/15,"2,071.18",-0.19%,-0.1913%
10/23/15,"2,075.15",1.10%,1.1030%
10/22/15,"2,052.51",1.66%,1.6628%
10/21/15,"2,018.94",-0.58%,-0.5825%
10/20/15,"2,030.77",-0.14%,-0.1421%
10/19/15,"2,033.66",0.03%,0.0271%
10/16/15,"2,033.11",0.46%,0.4570%
10/15/15,"2,023.86",1.49%,1.4853%
10/14/15,"1,994.24",-0.47%,-0.4716%
10/13/15,"2,003.69",-0.68%,-0.6825%
10/12/15,"2,017.46",0.13%,0.1276%
10/9/15,"2,014.89",0.07%,0.0725%
10/8/15,"2,013.43",0.88%,0.8818%
10/7/15,"1,995.83",0.80%,0.8036%
10/6/15,"1,979.92",-0.36%,-0.3588%
10/5/15,"1,987.05",1.83%,1.8290%
10/2/15,"1,951.36",1.43%,1.4315%
10/1/15,"1,923.82",0.20%,0.1974%
9/30/15,"1,920.03",1.91%,1.9076%
9/29/15,"1,884.09",0.12%,0.1233%
9/28/15,"1,881.77",-2.57%,-2.5666%
9/25/15,"1,931.34",-0.05%,-0.0466%
9/24/15,"1,932.24",-0.34%,-0.3363%
9/23/15,"1,938.76",-0.20%,-0.2049%
9/22/15,"1,942.74",-1.23%,-1.2318%
9/21/15,"1,966.97",0.46%,0.4566%
9/18/15,"1,958.03",-1.62%,-1.6164%
9/17/15,"1,990.20",-0.26%,-0.2561%
9/16/15,"1,995.31",0.87%,0.8705%
9/15/15,"1,978.09",1.28%,1.2831%
9/14/15,"1,953.03",-0.41%,-0.4090%
9/11/15,"1,961.05",0.45%,0.4487%
9/10/15,"1,952.29",0.53%,0.5278%
9/9/15,"1,942.04",-1.39%,-1.3898%
9/8/15,"1,969.41",2.51%,2.5083%
9/4/15,"1,921.22",-1.53%,-1.5330%
9/3/15,"1,951.13",0.12%,0.1165%
9/2/15,"1,948.86",1.83%,1.8293%
9/1/15,"1,913.85",-2.96%,-2.9576%
8/31/15,"1,972.18",-0.84%,-0.8392%
8/28/15,"1,988.87",0.06%,0.0609%
8/27/15,"1,987.66",2.43%,2.4298%
8/26/15,"1,940.51",3.90%,3.9034%
8/25/15,"1,867.61",-1.35%,-1.3522%
8/24/15,"1,893.21",-3.94%,-3.9414%
8/21/15,"1,970.89",-3.19%,-3.1851%
8/20/15,"2,035.73",-2.11%,-2.1100%
8/19/15,"2,079.61",-0.83%,-0.8255%
8/18/15,"2,096.92",-0.26%,-0.2626%
8/17/15,"2,102.44",0.52%,0.5211%
8/14/15,"2,091.54",0.39%,0.3912%
8/13/15,"2,083.39",-0.13%,-0.1275%
8/12/15,"2,086.05",0.10%,0.0950%
8/11/15,"2,084.07",-0.96%,-0.9557%
8/10/15,"2,104.18",1.28%,1.2808%
8/7/15,"2,077.57",-0.29%,-0.2875%
8/6/15,"2,083.56",-0.78%,-0.7753%
8/5/15,"2,099.84",0.31%,0.3115%
8/4/15,"2,093.32",-0.22%,-0.2250%
8/3/15,"2,098.04",-0.28%,-0.2757%
7/31/15,"2,103.84",-0.23%,-0.2272%
7/30/15,"2,108.63",0.00%,0.0028%
7/29/15,"2,108.57",0.73%,0.7319%
7/28/15,"2,093.25",1.24%,1.2386%
7/27/15,"2,067.64",-0.58%,-0.5775%
7/24/15,"2,079.65",-1.07%,-1.0703%
7/23/15,"2,102.15",-0.57%,-0.5676%
7/22/15,"2,114.15",-0.24%,-0.2388%
7/21/15,"2,119.21",-0.43%,-0.4262%
7/20/15,"2,128.28",0.08%,0.0771%
7/17/15,"2,126.64",0.11%,0.1106%
7/16/15,"2,124.29",0.80%,0.8015%
7/15/15,"2,107.40",-0.07%,-0.0735%
7/14/15,"2,108.95",0.45%,0.4453%
7/13/15,"2,099.60",1.11%,1.1066%
7/10/15,"2,076.62",1.23%,1.2338%
7/9/15,"2,051.31",0.23%,0.2262%
7/8/15,"2,046.68",-1.67%,-1.6653%
7/7/15,"2,081.34",0.61%,0.6081%
7/6/15,"2,068.76",-0.39%,-0.3862%
7/2/15,"2,076.78",-0.03%,-0.0308%
7/1/15,"2,077.42",0.69%,0.6936%
6/30/15,"2,063.11",0.27%,0.2658%
6/29/15,"2,057.64",-2.09%,-2.0866%
6/26/15,"2,101.49",-0.04%,-0.0390%
6/25/15,"2,102.31",-0.30%,-0.2974%
6/24/15,"2,108.58",-0.74%,-0.7353%
6/23/15,"2,124.20",0.06%,0.0636%
6/22/15,"2,122.85",0.61%,0.6095%
6/19/15,"2,109.99",-0.53%,-0.5304%
6/18/15,"2,121.24",0.99%,0.9903%
6/17/15,"2,100.44",0.20%,0.1980%
6/16/15,"2,096.29",0.57%,0.5690%
6/15/15,"2,084.43",-0.46%,-0.4622%
6/12/15,"2,094.11",-0.70%,-0.6994%
6/11/15,"2,108.86",0.17%,0.1739%
6/10/15,"2,105.20",1.20%,1.2042%
6/9/15,"2,080.15",0.04%,0.0418%
6/8/15,"2,079.28",-0.65%,-0.6474%
6/5/15,"2,092.83",-0.14%,-0.1436%
6/4/15,"2,095.84",-0.86%,-0.8623%
6/3/15,"2,114.07",0.21%,0.2119%
6/2/15,"2,109.60",-0.10%,-0.1009%
6/1/15,"2,111.73",0.21%,0.2059%
5/29/15,"2,107.39",-0.63%,-0.6318%
5/28/15,"2,120.79",-0.13%,-0.1267%
5/27/15,"2,123.48",0.92%,0.9163%
5/26/15,"2,104.20",-1.03%,-1.0282%
5/22/15,"2,126.06",-0.22%,-0.2234%
5/21/15,"2,130.82",0.23%,0.2338%
5/20/15,"2,125.85",-0.09%,-0.0931%
5/19/15,"2,127.83",-0.06%,-0.0643%
5/18/15,"2,129.20",0.30%,0.3048%
5/15/15,"2,122.73",0.08%,0.0768%
5/14/15,"2,121.10",1.08%,1.0779%
5/13/15,"2,098.48",-0.03%,-0.0305%
5/12/15,"2,099.12",-0.29%,-0.2950%
5/11/15,"2,105.33",-0.51%,-0.5090%
5/8/15,"2,116.10",1.35%,1.3458%
5/7/15,"2,088.00",0.38%,0.3774%
5/6/15,"2,080.15",-0.45%,-0.4456%
5/5/15,"2,089.46",-1.18%,-1.1837%
5/4/15,"2,114.49",0.29%,0.2941%
5/1/15,"2,108.29",1.09%,1.0923%
4/30/15,"2,085.51",-1.01%,-1.0129%
4/29/15,"2,106.85",-0.37%,-0.3740%
4/28/15,"2,114.76",0.28%,0.2769%
4/27/15,"2,108.92",-0.41%,-0.4141%
4/24/15,"2,117.69",0.23%,0.2253%
4/23/15,"2,112.93",0.24%,0.2358%
4/22/15,"2,107.96",0.51%,0.5088%
4/21/15,"2,097.29",-0.15%,-0.1481%
4/20/15,"2,100.40",0.92%,0.9235%
4/17/15,"2,081.18",-1.13%,-1.1311%
4/16/15,"2,104.99",-0.08%,-0.0778%
4/15/15,"2,106.63",0.51%,0.5148%
4/14/15,"2,095.84",0.16%,0.1630%
4/13/15,"2,092.43",-0.46%,-0.4581%
4/10/15,"2,102.06",0.52%,0.5203%
4/9/15,"2,091.18",0.45%,0.4457%
4/8/15,"2,081.90",0.27%,0.2683%
4/7/15,"2,076.33",-0.21%,-0.2062%
4/6/15,"2,080.62",0.66%,0.6609%
4/2/15,"2,066.96",0.35%,0.3530%
4/1/15,"2,059.69",-0.40%,-0.3965%
3/31/15,"2,067.89",-0.88%,-0.8796%
3/30/15,"2,086.24",1.22%,1.2237%
3/27/15,"2,061.02",0.24%,0.2369%
3/26/15,"2,056.15",-0.24%,-0.2377%
3/25/15,"2,061.05",-1.46%,-1.4559%
3/24/15,"2,091.50",-0.61%,-0.6139%
3/23/15,"2,104.42",-0.17%,-0.1746%
3/20/15,"2,108.10",0.90%,0.9013%
3/19/15,"2,089.27",-0.49%,-0.4873%
3/18/15,"2,099.50",1.22%,1.2158%
3/17/15,"2,074.28",-0.33%,-0.3320%
3/16/15,"2,081.19",1.35%,1.3534%
3/13/15,"2,053.40",-0.61%,-0.6075%
3/12/15,"2,065.95",1.26%,1.2601%
3/11/15,"2,040.24",-0.19%,-0.1918%
3/10/15,"2,044.16",-1.70%,-1.6961%
3/9/15,"2,079.43",0.39%,0.3944%
3/6/15,"2,071.26",-1.42%,-1.4174%
3/5/15,"2,101.04",0.12%,0.1196%
3/4/15,"2,098.53",-0.44%,-0.4389%
3/3/15,"2,107.78",-0.45%,-0.4539%
3/2/15,"2,117.39",0.61%,0.6125%
2/27/15,"2,104.50",-0.30%,-0.2956%
2/26/15,"2,110.74",-0.15%,-0.1476%
2/25/15,"2,113.86",-0.08%,-0.0766%
2/24/15,"2,115.48",0.28%,0.2759%
2/23/15,"2,109.66",-0.03%,-0.0303%
2/20/15,"2,110.30",0.61%,0.6126%
2/19/15,"2,097.45",-0.11%,-0.1062%
2/18/15,"2,099.68",-0.03%,-0.0314%
2/17/15,"2,100.34",0.16%,0.1598%
2/13/15,"2,096.99",0.41%,0.4075%
2/12/15,"2,088.48",0.96%,0.9645%
2/11/15,"2,068.53",0.00%,-0.0029%
2/10/15,"2,068.59",1.07%,1.0676%
2/9/15,"2,046.74",-0.42%,-0.4247%
2/6/15,"2,055.47",-0.34%,-0.3418%
2/5/15,"2,062.52",1.03%,1.0291%
2/4/15,"2,041.51",-0.42%,-0.4156%
2/3/15,"2,050.03",1.44%,1.4439%
2/2/15,"2,020.85",1.30%,1.2962%
1/30/15,"1,994.99",-1.30%,-1.2992%
1/29/15,"2,021.25",0.95%,0.9535%
1/28/15,"2,002.16",-1.35%,-1.3496%
1/27/15,"2,029.55",-1.34%,-1.3388%
1/26/15,"2,057.09",0.26%,0.2568%
1/23/15,"2,051.82",-0.55%,-0.5492%
1/22/15,"2,063.15",1.53%,1.5270%
1/21/15,"2,032.12",0.47%,0.4732%
1/20/15,"2,022.55",0.15%,0.1550%
1/16/15,"2,019.42",1.34%,1.3424%
1/15/15,"1,992.67",-0.92%,-0.9248%
1/14/15,"2,011.27",-0.58%,-0.5813%
1/13/15,"2,023.03",-0.26%,-0.2579%
1/12/15,"2,028.26",-0.81%,-0.8094%
1/9/15,"2,044.81",-0.84%,-0.8404%
1/8/15,"2,062.14",1.79%,1.7888%
1/7/15,"2,025.90",1.16%,1.1630%
1/6/15,"2,002.61",-0.89%,-0.8893%
1/5/15,"2,020.58",-1.83%,-1.8278%
1/2/15,"2,058.20",-0.03%,-0.0340%
12/31/14,"2,058.90",-1.03%,-1.0311%
12/30/14,"2,080.35",-0.49%,-0.4889%
12/29/14,"2,090.57",0.09%,0.0862%
12/26/14,"2,088.77",0.33%,0.3310%
12/24/14,"2,081.88",-0.01%,-0.0139%
12/23/14,"2,082.17",0.17%,0.1746%
12/22/14,"2,078.54",0.38%,0.3810%
12/19/14,"2,070.65",0.46%,0.4570%
12/18/14,"2,061.23",2.40%,2.4015%
12/17/14,"2,012.89",2.04%,2.0352%
12/16/14,"1,972.74",-0.85%,-0.8489%
12/15/14,"1,989.63",-0.63%,-0.6343%
12/12/14,"2,002.33",-1.62%,-1.6214%
12/11/14,"2,035.33",0.45%,0.4536%
12/10/14,"2,026.14",-1.64%,-1.6351%
12/9/14,"2,059.82",-0.02%,-0.0238%
12/8/14,"2,060.31",-0.73%,-0.7257%
12/5/14,"2,075.37",0.17%,0.1665%
12/4/14,"2,071.92",-0.12%,-0.1162%
12/3/14,"2,074.33",0.38%,0.3765%
12/2/14,"2,066.55",0.64%,0.6384%
12/1/14,"2,053.44",-0.68%,-0.6829%
11/28/14,"2,067.56",-0.25%,-0.2542%
11/26/14,"2,072.83",0.28%,0.2806%
11/25/14,"2,067.03",-0.12%,-0.1150%
11/24/14,"2,069.41",0.29%,0.2864%
11/21/14,"2,063.50",0.52%,0.5237%
11/20/14,"2,052.75",0.20%,0.1967%
11/19/14,"2,048.72",-0.15%,-0.1501%
11/18/14,"2,051.80",0.51%,0.5134%
11/17/14,"2,041.32",0.07%,0.0735%
11/14/14,"2,039.82",0.02%,0.0240%
11/13/14,"2,039.33",0.05%,0.0530%
11/12/14,"2,038.25",-0.07%,-0.0701%
11/11/14,"2,039.68",0.07%,0.0697%
11/10/14,"2,038.26",0.31%,0.3120%
11/7/14,"2,031.92",0.03%,0.0350%
11/6/14,"2,031.21",0.38%,0.3776%
11/5/14,"2,023.57",0.57%,0.5701%
11/4/14,"2,012.10",-0.28%,-0.2830%
11/3/14,"2,017.81",-0.01%,-0.0119%
10/31/14,"2,018.05",1.17%,1.1731%
10/30/14,"1,994.65",0.62%,0.6230%
10/29/14,"1,982.30",-0.14%,-0.1385%
10/28/14,"1,985.05",1.19%,1.1939%
10/27/14,"1,961.63",-0.15%,-0.1502%
10/24/14,"1,964.58",0.71%,0.7053%
10/23/14,"1,950.82",1.23%,1.2303%
10/22/14,"1,927.11",-0.73%,-0.7299%
10/21/14,"1,941.28",1.96%,1.9574%
10/20/14,"1,904.01",0.91%,0.9143%
10/17/14,"1,886.76",1.29%,1.2884%
10/16/14,"1,862.76",0.01%,0.0145%
10/15/14,"1,862.49",-0.81%,-0.8100%
10/14/14,"1,877.70",0.16%,0.1579%
10/13/14,"1,874.74",-1.65%,-1.6468%
10/10/14,"1,906.13",-1.15%,-1.1451%
10/9/14,"1,928.21",-2.07%,-2.0661%
10/8/14,"1,968.89",1.75%,1.7462%
10/7/14,"1,935.10",-1.51%,-1.5126%
10/6/14,"1,964.82",-0.16%,-0.1565%
10/3/14,"1,967.90",1.12%,1.1166%
10/2/14,"1,946.17",0.00%,0.0005%
10/1/14,"1,946.16",-1.32%,-1.3249%
9/30/14,"1,972.29",-0.28%,-0.2786%
9/29/14,"1,977.80",-0.25%,-0.2547%
9/26/14,"1,982.85",0.86%,0.8576%
9/25/14,"1,965.99",-1.62%,-1.6169%
9/24/14,"1,998.30",0.78%,0.7832%
9/23/14,"1,982.77",-0.58%,-0.5776%
9/22/14,"1,994.29",-0.80%,-0.8013%
9/19/14,"2,010.40",-0.05%,-0.0477%
9/18/14,"2,011.36",0.49%,0.4891%
9/17/14,"2,001.57",0.13%,0.1296%
9/16/14,"1,998.98",0.75%,0.7484%
9/15/14,"1,984.13",-0.07%,-0.0710%
9/12/14,"1,985.54",-0.60%,-0.5963%
9/11/14,"1,997.45",0.09%,0.0882%
9/10/14,"1,995.69",0.36%,0.3646%
9/9/14,"1,988.44",-0.65%,-0.6545%
9/8/14,"2,001.54",-0.31%,-0.3073%
9/5/14,"2,007.71",0.50%,0.5036%
9/4/14,"1,997.65",-0.15%,-0.1534%
9/3/14,"2,000.72",-0.08%,-0.0779%
9/2/14,"2,002.28",-0.05%,-0.0544%
8/29/14,"2,003.37",0.33%,0.3320%
8/28/14,"1,996.74",-0.17%,-0.1690%
8/27/14,"2,000.12",0.00%,0.0050%
8/26/14,"2,000.02",0.11%,0.1051%
8/25/14,"1,997.92",0.48%,0.4788%
8/22/14,"1,988.40",-0.20%,-0.1993%
8/21/14,"1,992.37",0.29%,0.2950%
8/20/14,"1,986.51",0.25%,0.2478%
8/19/14,"1,981.60",0.50%,0.5001%
8/18/14,"1,971.74",0.85%,0.8532%
8/15/14,"1,955.06",-0.01%,-0.0061%
8/14/14,"1,955.18",0.43%,0.4346%
8/13/14,"1,946.72",0.67%,0.6707%
8/12/14,"1,933.75",-0.16%,-0.1637%
8/11/14,"1,936.92",0.28%,0.2759%
8/8/14,"1,931.59",1.15%,1.1531%
8/7/14,"1,909.57",-0.56%,-0.5557%
8/6/14,"1,920.24",0.00%,0.0016%
8/5/14,"1,920.21",-0.97%,-0.9685%
8/4/14,"1,938.99",0.72%,0.7189%
8/1/14,"1,925.15",-0.29%,-0.2859%
7/31/14,"1,930.67",-2.00%,-1.9999%
7/30/14,"1,970.07",0.01%,0.0061%
7/29/14,"1,969.95",-0.45%,-0.4528%
7/28/14,"1,978.91",0.03%,0.0288%
7/25/14,"1,978.34",-0.48%,-0.4849%
7/24/14,"1,987.98",0.05%,0.0488%
7/23/14,"1,987.01",0.18%,0.1754%
7/22/14,"1,983.53",0.50%,0.5016%
7/21/14,"1,973.63",-0.23%,-0.2320%
7/18/14,"1,978.22",1.03%,1.0265%
7/17/14,"1,958.12",-1.18%,-1.1834%
7/16/14,"1,981.57",0.42%,0.4201%
7/15/14,"1,973.28",-0.19%,-0.1932%
7/14/14,"1,977.10",0.48%,0.4844%
7/11/14,"1,967.57",0.15%,0.1471%
7/10/14,"1,964.68",-0.41%,-0.4131%
7/9/14,"1,972.83",0.46%,0.4644%
7/8/14,"1,963.71",-0.70%,-0.7049%
7/7/14,"1,977.65",-0.39%,-0.3924%
7/3/14,"1,985.44",0.55%,0.5480%
7/2/14,"1,974.62",0.07%,0.0659%
7/1/14,"1,973.32",0.67%,0.6678%
6/30/14,"1,960.23",-0.04%,-0.0372%
6/27/14,"1,960.96",0.19%,0.1911%
6/26/14,"1,957.22",-0.12%,-0.1179%
6/25/14,"1,959.53",0.49%,0.4897%
6/24/14,"1,949.98",-0.64%,-0.6435%
6/23/14,"1,962.61",-0.01%,-0.0132%
6/20/14,"1,962.87",0.17%,0.1730%
6/19/14,"1,959.48",0.13%,0.1277%
6/18/14,"1,956.98",0.77%,0.7719%
6/17/14,"1,941.99",0.22%,0.2173%
6/16/14,"1,937.78",0.08%,0.0837%
6/13/14,"1,936.16",0.31%,0.3135%
6/12/14,"1,930.11",-0.71%,-0.7089%
6/11/14,"1,943.89",-0.35%,-0.3537%
6/10/14,"1,950.79",-0.02%,-0.0246%
6/9/14,"1,951.27",0.09%,0.0939%
6/6/14,"1,949.44",0.46%,0.4628%
6/5/14,"1,940.46",0.65%,0.6525%
6/4/14,"1,927.88",0.19%,0.1892%
6/3/14,"1,924.24",-0.04%,-0.0379%
6/2/14,"1,924.97",0.07%,0.0728%
5/30/14,"1,923.57",0.18%,0.1844%
5/29/14,"1,920.03",0.54%,0.5367%
5/28/14,"1,909.78",-0.11%,-0.1114%
5/27/14,"1,911.91",0.60%,0.5988%
5/23/14,"1,900.53",0.42%,0.4248%
5/22/14,"1,892.49",0.24%,0.2362%
5/21/14,"1,888.03",0.81%,0.8116%
5/20/14,"1,872.83",-0.65%,-0.6498%
5/19/14,"1,885.08",0.38%,0.3845%
5/16/14,"1,877.86",0.37%,0.3747%
5/15/14,"1,870.85",-0.94%,-0.9362%
5/14/14,"1,888.53",-0.47%,-0.4701%
5/13/14,"1,897.45",0.04%,0.0422%
5/12/14,"1,896.65",0.97%,0.9673%
5/9/14,"1,878.48",0.15%,0.1519%
5/8/14,"1,875.63",-0.14%,-0.1374%
5/7/14,"1,878.21",0.56%,0.5616%
5/6/14,"1,867.72",-0.90%,-0.8988%
5/5/14,"1,884.66",0.19%,0.1871%
5/2/14,"1,881.14",-0.13%,-0.1348%
5/1/14,"1,883.68",-0.01%,-0.0143%
4/30/14,"1,883.95",0.30%,0.2992%
4/29/14,"1,878.33",0.48%,0.4761%
4/28/14,"1,869.43",0.32%,0.3236%
4/25/14,"1,863.40",-0.81%,-0.8096%
4/24/14,"1,878.61",0.17%,0.1717%
4/23/14,"1,875.39",-0.22%,-0.2213%
4/22/14,"1,879.55",0.41%,0.4092%
4/21/14,"1,871.89",0.38%,0.3775%
4/17/14,"1,864.85",0.14%,0.1364%
4/16/14,"1,862.31",1.05%,1.0488%
4/15/14,"1,842.98",0.68%,0.6757%
4/14/14,"1,830.61",0.82%,0.8217%
4/11/14,"1,815.69",-0.95%,-0.9487%
4/10/14,"1,833.08",-2.09%,-2.0885%
4/9/14,"1,872.18",1.09%,1.0918%
4/8/14,"1,851.96",0.38%,0.3751%
4/7/14,"1,845.04",-1.08%,-1.0750%
4/4/14,"1,865.09",-1.25%,-1.2537%
4/3/14,"1,888.77",-0.11%,-0.1126%
4/2/14,"1,890.90",0.29%,0.2853%
4/1/14,"1,885.52",0.70%,0.7039%
3/31/14,"1,872.34",0.79%,0.7924%
3/28/14,"1,857.62",0.46%,0.4640%
3/27/14,"1,849.04",-0.19%,-0.1900%
3/26/14,"1,852.56",-0.70%,-0.7000%
3/25/14,"1,865.62",0.44%,0.4404%
3/24/14,"1,857.44",-0.49%,-0.4865%
3/21/14,"1,866.52",-0.29%,-0.2933%
3/20/14,"1,872.01",0.60%,0.6041%
3/19/14,"1,860.77",-0.61%,-0.6132%
3/18/14,"1,872.25",0.72%,0.7220%
3/17/14,"1,858.83",0.96%,0.9614%
3/14/14,"1,841.13",-0.28%,-0.2822%
3/13/14,"1,846.34",-1.17%,-1.1701%
3/12/14,"1,868.20",0.03%,0.0305%
3/11/14,"1,867.63",-0.51%,-0.5082%
3/10/14,"1,877.17",-0.05%,-0.0463%
3/7/14,"1,878.04",0.05%,0.0538%
3/6/14,"1,877.03",0.17%,0.1718%
3/5/14,"1,873.81",-0.01%,-0.0053%
3/4/14,"1,873.91",1.53%,1.5268%
3/3/14,"1,845.73",-0.74%,-0.7379%
2/28/14,"1,859.45",0.28%,0.2783%
2/27/14,"1,854.29",0.49%,0.4948%
2/26/14,"1,845.16",0.00%,0.0022%
2/25/14,"1,845.12",-0.13%,-0.1348%
2/24/14,"1,847.61",0.62%,0.6187%
2/21/14,"1,836.25",-0.19%,-0.1919%
2/20/14,"1,839.78",0.60%,0.6031%
2/19/14,"1,828.75",-0.65%,-0.6524%
2/18/14,"1,840.76",0.12%,0.1158%
2/14/14,"1,838.63",0.48%,0.4809%
2/13/14,"1,829.83",0.58%,0.5810%
2/12/14,"1,819.26",-0.03%,-0.0269%
2/11/14,"1,819.75",1.11%,1.1062%
2/10/14,"1,799.84",0.16%,0.1569%
2/7/14,"1,797.02",1.33%,1.3302%
2/6/14,"1,773.43",1.24%,1.2440%
2/5/14,"1,751.64",-0.20%,-0.2028%
2/4/14,"1,755.20",0.76%,0.7641%
2/3/14,"1,741.89",-2.28%,-2.2832%
1/31/14,"1,782.59",-0.65%,-0.6465%
1/30/14,"1,794.19",1.13%,1.1267%
1/29/14,"1,774.20",-1.02%,-1.0209%
1/28/14,"1,792.50",0.61%,0.6141%
1/27/14,"1,781.56",-0.49%,-0.4876%
1/24/14,"1,790.29",-2.09%,-2.0875%
1/23/14,"1,828.46",-0.89%,-0.8890%
1/22/14,"1,844.86",0.06%,0.0575%
1/21/14,"1,843.80",0.28%,0.2774%
1/17/14,"1,838.70",-0.39%,-0.3895%
1/16/14,"1,845.89",-0.13%,-0.1347%
1/15/14,"1,848.38",0.52%,0.5166%
1/14/14,"1,838.88",1.08%,1.0818%
1/13/14,"1,819.20",-1.26%,-1.2576%
1/10/14,"1,842.37",0.23%,0.2307%
1/9/14,"1,838.13",0.03%,0.0348%
1/8/14,"1,837.49",-0.02%,-0.0212%
1/7/14,"1,837.88",0.61%,0.6082%
1/6/14,"1,826.77",-0.25%,-0.2512%
1/3/14,"1,831.37",-0.03%,-0.0333%
1/2/14,"1,831.98",-0.89%,-0.8862%
12/31/13,"1,848.36",0.40%,0.3960%
12/30/13,"1,841.07",-0.02%,-0.0179%
12/27/13,"1,841.40",-0.03%,-0.0337%
12/26/13,"1,842.02",0.47%,0.4745%
12/24/13,"1,833.32",0.29%,0.2916%
12/23/13,"1,827.99",0.53%,0.5318%
12/20/13,"1,818.32",0.48%,0.4819%
12/19/13,"1,809.60",-0.06%,-0.0580%
12/18/13,"1,810.65",1.66%,1.6648%
12/17/13,"1,781.00",-0.31%,-0.3101%
12/16/13,"1,786.54",0.63%,0.6320%
12/13/13,"1,775.32",-0.01%,-0.0101%
12/12/13,"1,775.50",-0.38%,-0.3771%
12/11/13,"1,782.22",-1.13%,-1.1317%
12/10/13,"1,802.62",-0.32%,-0.3180%
12/9/13,"1,808.37",0.18%,0.1817%
12/6/13,"1,805.09",1.12%,1.1238%
12/5/13,"1,785.03",-0.43%,-0.4340%
12/4/13,"1,792.81",-0.13%,-0.1304%
12/3/13,"1,795.15",-0.32%,-0.3193%
12/2/13,"1,800.90",-0.27%,-0.2719%
11/29/13,"1,805.81",-0.08%,-0.0786%
11/27/13,"1,807.23",0.25%,0.2485%
11/26/13,"1,802.75",0.01%,0.0150%
11/25/13,"1,802.48",-0.13%,-0.1263%
11/22/13,"1,804.76",0.50%,0.4961%
11/21/13,"1,795.85",0.81%,0.8129%
11/20/13,"1,781.37",-0.36%,-0.3636%
11/19/13,"1,787.87",-0.20%,-0.2043%
11/18/13,"1,791.53",-0.37%,-0.3698%
11/15/13,"1,798.18",0.42%,0.4222%
11/14/13,"1,790.62",0.48%,0.4837%
11/13/13,"1,782.00",0.81%,0.8095%
11/12/13,"1,767.69",-0.24%,-0.2370%
11/11/13,"1,771.89",0.07%,0.0723%
11/8/13,"1,770.61",1.34%,1.3428%
11/7/13,"1,747.15",-1.32%,-1.3183%
11/6/13,"1,770.49",0.43%,0.4266%
11/5/13,"1,762.97",-0.28%,-0.2806%
11/4/13,"1,767.93",0.36%,0.3571%
11/1/13,"1,761.64",0.29%,0.2903%
10/31/13,"1,756.54",-0.38%,-0.3839%
10/30/13,"1,763.31",-0.49%,-0.4876%
10/29/13,"1,771.95",0.56%,0.5584%
10/28/13,"1,762.11",0.13%,0.1330%
10/25/13,"1,759.77",0.44%,0.4395%
10/24/13,"1,752.07",0.33%,0.3258%
10/23/13,"1,746.38",-0.47%,-0.4725%
10/22/13,"1,754.67",0.57%,0.5738%
10/21/13,"1,744.66",0.01%,0.0092%
10/18/13,"1,744.50",0.65%,0.6549%
10/17/13,"1,733.15",0.67%,0.6744%
10/16/13,"1,721.54",1.38%,1.3828%
10/15/13,"1,698.06",-0.71%,-0.7064%
10/14/13,"1,710.14",0.41%,0.4075%
10/11/13,"1,703.20",0.63%,0.6286%
10/10/13,"1,692.56",2.18%,2.1830%
10/9/13,"1,656.40",0.06%,0.0574%
10/8/13,"1,655.45",-1.23%,-1.2332%
10/7/13,"1,676.12",-0.85%,-0.8506%
10/4/13,"1,690.50",0.71%,0.7053%
10/3/13,"1,678.66",-0.90%,-0.8979%
10/2/13,"1,693.87",-0.07%,-0.0667%
10/1/13,"1,695.00",0.80%,0.7999%
9/30/13,"1,681.55",-0.60%,-0.6029%
9/27/13,"1,691.75",-0.41%,-0.4074%
9/26/13,"1,698.67",0.35%,0.3485%
9/25/13,"1,692.77",-0.27%,-0.2739%
9/24/13,"1,697.42",-0.26%,-0.2597%
9/23/13,"1,701.84",-0.47%,-0.4720%
9/20/13,"1,709.91",-0.72%,-0.7217%
9/19/13,"1,722.34",-0.18%,-0.1843%
9/18/13,"1,725.52",1.22%,1.2178%
9/17/13,"1,704.76",0.42%,0.4218%
9/16/13,"1,697.60",0.57%,0.5693%
9/13/13,"1,687.99",0.27%,0.2715%
9/12/13,"1,683.42",-0.34%,-0.3380%
9/11/13,"1,689.13",0.31%,0.3052%
9/10/13,"1,683.99",0.73%,0.7346%
9/9/13,"1,671.71",1.00%,0.9993%
9/6/13,"1,655.17",0.01%,0.0054%
9/5/13,"1,655.08",0.12%,0.1210%
9/4/13,"1,653.08",0.81%,0.8117%
9/3/13,"1,639.77",0.42%,0.4164%
8/30/13,"1,632.97",-0.32%,-0.3174%
8/29/13,"1,638.17",0.20%,0.1963%
8/28/13,"1,634.96",0.27%,0.2748%
8/27/13,"1,630.48",-1.59%,-1.5874%
8/26/13,"1,656.78",-0.40%,-0.4040%
8/23/13,"1,663.50",0.39%,0.3947%
8/22/13,"1,656.96",0.86%,0.8619%
8/21/13,"1,642.80",-0.58%,-0.5780%
8/20/13,"1,652.35",0.38%,0.3821%
8/19/13,"1,646.06",-0.59%,-0.5900%
8/16/13,"1,655.83",-0.33%,-0.3305%
8/15/13,"1,661.32",-1.43%,-1.4282%
8/14/13,"1,685.39",-0.52%,-0.5177%
8/13/13,"1,694.16",0.28%,0.2776%
8/12/13,"1,689.47",-0.12%,-0.1153%
8/9/13,"1,691.42",-0.36%,-0.3570%
8/8/13,"1,697.48",0.39%,0.3885%
8/7/13,"1,690.91",-0.38%,-0.3806%
8/6/13,"1,697.37",-0.57%,-0.5723%
8/5/13,"1,707.14",-0.15%,-0.1480%
8/2/13,"1,709.67",0.16%,0.1640%
8/1/13,"1,706.87",1.25%,1.2541%
7/31/13,"1,685.73",-0.01%,-0.0136%
7/30/13,"1,685.96",0.04%,0.0374%
7/29/13,"1,685.33",-0.37%,-0.3736%
7/26/13,"1,691.65",0.08%,0.0828%
7/25/13,"1,690.25",0.26%,0.2556%
7/24/13,"1,685.94",-0.38%,-0.3811%
7/23/13,"1,692.39",-0.19%,-0.1852%
7/22/13,"1,695.53",0.20%,0.2033%
7/19/13,"1,692.09",0.16%,0.1610%
7/18/13,"1,689.37",0.50%,0.5033%
7/17/13,"1,680.91",0.28%,0.2774%
7/16/13,"1,676.26",-0.37%,-0.3709%
7/15/13,"1,682.50",0.14%,0.1375%
7/12/13,"1,680.19",0.31%,0.3087%
7/11/13,"1,675.02",1.36%,1.3554%
7/10/13,"1,652.62",0.02%,0.0182%
7/9/13,"1,652.32",0.72%,0.7230%
7/8/13,"1,640.46",0.53%,0.5252%
7/5/13,"1,631.89",1.02%,1.0202%
7/3/13,"1,615.41",0.08%,0.0824%
7/2/13,"1,614.08",-0.05%,-0.0545%
7/1/13,"1,614.96",0.54%,0.5404%
6/28/13,"1,606.28",-0.43%,-0.4290%
6/27/13,"1,613.20",0.62%,0.6200%
6/26/13,"1,603.26",0.96%,0.9590%
6/25/13,"1,588.03",0.95%,0.9497%
6/24/13,"1,573.09",-1.21%,-1.2145%
6/21/13,"1,592.43",0.27%,0.2670%
6/20/13,"1,588.19",-2.50%,-2.5010%
6/19/13,"1,628.93",-1.39%,-1.3851%
6/18/13,"1,651.81",0.78%,0.7791%
6/17/13,"1,639.04",0.76%,0.7567%
6/14/13,"1,626.73",-0.59%,-0.5885%
6/13/13,"1,636.36",1.48%,1.4784%
6/12/13,"1,612.52",-0.84%,-0.8370%
6/11/13,"1,626.13",-1.02%,-1.0153%
6/10/13,"1,642.81",-0.03%,-0.0347%
6/7/13,"1,643.38",1.28%,1.2832%
6/6/13,"1,622.56",0.85%,0.8490%
6/5/13,"1,608.90",-1.38%,-1.3780%
6/4/13,"1,631.38",-0.55%,-0.5511%
6/3/13,"1,640.42",0.59%,0.5936%
5/31/13,"1,630.74",-1.43%,-1.4307%
5/30/13,"1,654.41",0.37%,0.3670%
5/29/13,"1,648.36",-0.70%,-0.7048%
5/28/13,"1,660.06",0.63%,0.6341%
5/24/13,"1,649.60",-0.06%,-0.0551%
5/23/13,"1,650.51",-0.29%,-0.2924%
5/22/13,"1,655.35",-0.83%,-0.8274%
5/21/13,"1,669.16",0.17%,0.1722%
5/20/13,"1,666.29",-0.07%,-0.0708%
5/17/13,"1,667.47",1.03%,1.0300%
5/16/13,"1,650.47",-0.50%,-0.5010%
5/15/13,"1,658.78",0.51%,0.5114%
5/14/13,"1,650.34",1.01%,1.0142%
5/13/13,"1,633.77",0.00%,0.0043%
5/10/13,"1,633.70",0.43%,0.4322%
5/9/13,"1,626.67",-0.37%,-0.3687%
5/8/13,"1,632.69",0.41%,0.4139%
5/7/13,"1,625.96",0.52%,0.5230%
5/6/13,"1,617.50",0.19%,0.1908%
5/3/13,"1,614.42",1.05%,1.0535%
5/2/13,"1,597.59",0.94%,0.9408%
5/1/13,"1,582.70",-0.93%,-0.9308%
4/30/13,"1,597.57",0.25%,0.2485%
4/29/13,"1,593.61",0.72%,0.7186%
4/26/13,"1,582.24",-0.18%,-0.1842%
4/25/13,"1,585.16",0.40%,0.4035%
4/24/13,"1,578.79",0.00%,0.0006%
4/23/13,"1,578.78",1.04%,1.0419%
4/22/13,"1,562.50",0.47%,0.4662%
4/19/13,"1,555.25",0.88%,0.8848%
4/18/13,"1,541.61",-0.67%,-0.6701%
4/17/13,"1,552.01",-1.43%,-1.4328%
4/16/13,"1,574.57",1.43%,1.4307%
4/15/13,"1,552.36",-2.30%,-2.2966%
4/12/13,"1,588.85",-0.28%,-0.2837%
4/11/13,"1,593.37",0.36%,0.3552%
4/10/13,"1,587.73",1.22%,1.2189%
4/9/13,"1,568.61",0.35%,0.3544%
4/8/13,"1,563.07",0.63%,0.6303%
4/5/13,"1,553.28",-0.43%,-0.4295%
4/4/13,"1,559.98",0.40%,0.4048%
4/3/13,"1,553.69",-1.05%,-1.0546%
4/2/13,"1,570.25",0.52%,0.5172%
4/1/13,"1,562.17",-0.45%,-0.4474%
3/28/13,"1,569.19",0.41%,0.4057%
3/27/13,"1,562.85",-0.06%,-0.0588%
3/26/13,"1,563.77",0.78%,0.7785%
3/25/13,"1,551.69",-0.33%,-0.3340%
3/22/13,"1,556.89",0.72%,0.7174%
3/21/13,"1,545.80",-0.83%,-0.8282%
3/20/13,"1,558.71",0.67%,0.6697%
3/19/13,"1,548.34",-0.24%,-0.2423%
3/18/13,"1,552.10",-0.55%,-0.5510%
3/15/13,"1,560.70",-0.16%,-0.1618%
3/14/13,"1,563.23",0.56%,0.5603%
3/13/13,"1,554.52",0.13%,0.1314%
3/12/13,"1,552.48",-0.24%,-0.2403%
3/11/13,"1,556.22",0.32%,0.3249%
3/8/13,"1,551.18",0.45%,0.4481%
3/7/13,"1,544.26",0.18%,0.1816%
3/6/13,"1,541.46",0.11%,0.1085%
3/5/13,"1,539.79",0.96%,0.9566%
3/4/13,"1,525.20",0.46%,0.4611%
3/1/13,"1,518.20",0.23%,0.2324%
2/28/13,"1,514.68",-0.09%,-0.0864%
2/27/13,"1,515.99",1.27%,1.2726%
2/26/13,"1,496.94",0.61%,0.6109%
2/25/13,"1,487.85",-1.83%,-1.8310%
2/22/13,"1,515.60",0.88%,0.8773%
2/21/13,"1,502.42",-0.63%,-0.6303%
2/20/13,"1,511.95",-1.24%,-1.2404%
2/19/13,"1,530.94",0.73%,0.7337%
2/15/13,"1,519.79",-0.10%,-0.1045%
2/14/13,"1,521.38",0.07%,0.0691%
2/13/13,"1,520.33",0.06%,0.0592%
2/12/13,"1,519.43",0.16%,0.1595%
2/11/13,"1,517.01",-0.06%,-0.0606%
2/8/13,"1,517.93",0.57%,0.5658%
2/7/13,"1,509.39",-0.18%,-0.1805%
2/6/13,"1,512.12",0.05%,0.0549%
2/5/13,"1,511.29",1.04%,1.0416%
2/4/13,"1,495.71",-1.15%,-1.1539%
2/1/13,"1,513.17",1.01%,1.0053%
1/31/13,"1,498.11",-0.26%,-0.2563%
1/30/13,"1,501.96",-0.39%,-0.3900%
1/29/13,"1,507.84",0.51%,0.5106%
1/28/13,"1,500.18",-0.18%,-0.1850%
1/25/13,"1,502.96",0.54%,0.5445%
1/24/13,"1,494.82",0.00%,0.0007%
1/23/13,"1,494.81",0.15%,0.1507%
1/22/13,"1,492.56",0.44%,0.4428%
1/18/13,"1,485.98",0.34%,0.3403%
1/17/13,"1,480.94",0.56%,0.5643%
1/16/13,"1,472.63",0.02%,0.0197%
1/15/13,"1,472.34",0.11%,0.1129%
1/14/13,"1,470.68",-0.09%,-0.0931%
1/11/13,"1,472.05",0.00%,-0.0048%
1/10/13,"1,472.12",0.76%,0.7597%
1/9/13,"1,461.02",0.27%,0.2656%
1/8/13,"1,457.15",-0.32%,-0.3242%
1/7/13,"1,461.89",-0.31%,-0.3123%
1/4/13,"1,466.47",0.49%,0.4865%
1/3/13,"1,459.37",-0.21%,-0.2086%
1/2/13,"1,462.42",2.54%,2.5403%
12/31/12,"1,426.19",1.69%,1.6942%
12/28/12,"1,402.43",-1.10%,-1.1050%
12/27/12,"1,418.10",-0.12%,-0.1218%
12/26/12,"1,419.83",-0.48%,-0.4787%
12/24/12,"1,426.66",-0.24%,-0.2440%
12/21/12,"1,430.15",-0.94%,-0.9379%
12/20/12,"1,443.69",0.55%,0.5488%
12/19/12,"1,435.81",-0.76%,-0.7589%
12/18/12,"1,446.79",1.15%,1.1487%
12/17/12,"1,430.36",1.19%,1.1871%
12/14/12,"1,413.58",-0.41%,-0.4135%
12/13/12,"1,419.45",-0.63%,-0.6321%
12/12/12,"1,428.48",0.04%,0.0448%
12/11/12,"1,427.84",0.65%,0.6549%
12/10/12,"1,418.55",0.03%,0.0338%
12/7/12,"1,418.07",0.29%,0.2921%
12/6/12,"1,413.94",0.33%,0.3307%
12/5/12,"1,409.28",0.16%,0.1585%
12/4/12,"1,407.05",-0.17%,-0.1710%
12/3/12,"1,409.46",-0.47%,-0.4745%
11/30/12,"1,416.18",0.02%,0.0162%
11/29/12,"1,415.95",0.43%,0.4270%
11/28/12,"1,409.93",0.79%,0.7856%
11/27/12,"1,398.94",-0.52%,-0.5227%
11/26/12,"1,406.29",-0.20%,-0.2030%
11/23/12,"1,409.15",1.30%,1.3026%
11/21/12,"1,391.03",0.23%,0.2320%
11/20/12,"1,387.81",0.07%,0.0663%
11/19/12,"1,386.89",1.99%,1.9862%
11/16/12,"1,359.88",0.48%,0.4840%
11/15/12,"1,353.33",-0.16%,-0.1594%
11/14/12,"1,355.49",-1.39%,-1.3852%
11/13/12,"1,374.53",-0.40%,-0.3985%
11/12/12,"1,380.03",0.01%,0.01%